filiacao,familiares,familiares_quais,motivacao,tempo_existencia,peso_escolha,qualidade_programa,qualidade_lideres_nacionais,qualidade_lideres_regionais,bancadas_congresso,bancadas_estaduais_municipais,agenda_partido,agricultura_pecuária,educação,esportes_lazer,infraestrutura_urbana,saude,trabalho_emprego,transportes_publicos,artes_cultura,ciencia_tecnologia_inovacao,combate_homofobia,combate_racismo,igualdade_genero,meio_ambiente,representacao_mulheres_política,atividades_partido,atividades_formacao_politica,atuacao_campanhas_eleitorais,atuacao_campanhas_filiacao,cargos_administracao,concorrer_eleicao,cargos_pretende_concorrer,experiencia_importante,experiencia_comentario,idade,renda_familiar_mensal,escolaridade,area_formacao,religiao,situacao_ocupacional,setor_ocupacao,cor_raca,local_residencia,regiao_residencia,partido,espectro,materialista,pos_materialista,agenda,filiacao_familiar,filiacao_estudantil,filiacao_social,interior,metropolitana,capital,influencia_filiacao,espectro_binario,sexo,ponderacao
2,2,1,4,3,1,5,5,5,5,5,5,5,5,1,5,5,5,5,1,5,1,3,3,1,3,6,2,1,1,3,3,8,3,1,2,2,5,1,4,4,1,2,1,5,24,40,5,2.25,1,0,1,0,0,0,1,2,0,1,1.1039
2,2,1,4,1,3,5,5,5,5,5,5,3,5,2,4,5,5,4,1,3,1,2,2,1,2,37,10,1,1,2,2,1,7,1,2,6,6,1,7,3,1,2,1,2,30,40,4.333333333333333,1.75,1,0,1,0,0,0,1,2,0,1,1.1039
2,2,1,4,3,1,5,5,5,5,5,5,2,5,2,4,5,5,5,2,4,2,3,3,1,3,51,32,1,1,1,1,1,3,96,2,6,2,1,2,1,1,1,1,4,30,40,4.333333333333333,2.5,1,0,1,0,0,0,1,2,0,1,1.1039
2,2,1,4,3,3,5,5,5,5,5,5,1,5,1,5,5,5,5,1,3,3,3,3,1,3,51,32,1,1,2,2,1,3,96,2,4,6,1,2,1,1,1,1,4,30,40,4.333333333333333,2.25,1,0,1,0,0,0,1,2,0,1,1.1039
3,1,5,9,3,1,5,5,5,5,5,5,5,5,1,5,5,5,5,1,5,1,3,3,1,3,6,32,4,5,2,2,1,3,1,2,2,5,1,4,2,5,2,1,5,24,40,5,2.25,1,0,0,1,0,0,1,3,0,1,1.1039
3,2,1,9,3,1,5,5,5,5,5,5,5,5,1,5,5,5,5,1,5,1,3,3,1,3,3,29,1,1,3,3,8,3,1,3,2,3,1,4,2,3,2,1,5,24,40,5,2.25,1,0,0,1,0,0,1,3,0,1,1.1039
3,2,1,9,3,1,5,5,5,5,5,5,5,5,1,5,5,5,5,1,5,1,3,3,1,3,3,21,1,1,1,1,1,3,1,1,2,2,1,4,4,1,2,1,5,24,40,5,2.25,1,0,0,1,0,0,1,3,0,1,1.1039
3,2,1,9,3,1,5,5,5,5,5,5,5,5,1,5,5,5,5,1,5,1,3,3,1,3,3,32,1,1,3,3,11,3,1,3,2,5,1,4,2,4,2,1,5,24,40,5,2.25,1,0,0,1,0,0,1,3,0,1,1.1039
3,2,1,9,3,1,5,5,5,5,5,5,5,5,1,5,5,5,5,1,5,1,3,3,1,3,1,29,1,1,3,3,8,3,1,2,2,4,5,4,2,5,2,1,5,24,40,5,2.25,1,0,0,1,0,0,1,3,0,1,1.1039
3,3,5,16,3,1,5,5,5,5,5,5,3,5,3,4,5,5,4,1,3,3,3,3,3,3,3,2,1,1,3,3,7,3,48,2,2,5,1,5,3,1,4,1,4,33,40,4.333333333333333,2.75,1,0,0,1,0,0,1,3,0,1,1.1039
4,2,1,4,3,2,5,5,5,5,5,5,4,5,1,4,5,4,4,1,3,1,1,1,1,1,4,34,4,5,1,1,1,7,1,1,4,1,1,3,4,1,2,1,1,13,40,4.333333333333333,1.25,1,0,0,0,0,0,1, ,0,1,1.1039
4,2,1,4,1,1,5,5,5,5,5,5,5,5,1,4,4,5,4,2,3,1,1,1,1,1,37,32,4,1,3,3,4,7,1,2,6,5,1,5,4,1,4,1,2,13,40,4.5,1375,1,0,0,0,0,0,1, ,0,1,1.1039
4,2,1,4,1,1,5,5,5,5,5,5,5,5,1,4,5,5,4,1,2,1,1,1,1,1,36,29,1,1,3,3,4,7,1,2,5,6,1,2,3,1,2,1,2,13,40,4.666666666666667,1125,1,0,0,0,0,0,1, ,0,1,1.1039
4,2,1,20,1,1,5,5,5,5,5,5,4,5,1,4,5,5,4,1,3,1,1,1,1,1,37,2,1,1,3,3,4,7,1,2,2,4,3,6,2,5,2,1,2,13,40,4.5,1.25,1,0,0,0,0,0,1, ,0,1,1.1039
4,2,1,4,3,1,5,5,5,5,5,5,5,5,1,5,5,5,5,1,3,1,1,1,1,1,4,34,1,1,1,1,1,7,1,2,3,5,1,5,3,1,1,1,5,24,40,5,1.25,1,0,0,0,0,0,1, ,0,1,1.1039
4,2,1,22,3,1,5,5,5,5,5,5,5,5,1,4,5,4,4,1,1,1,1,1,2,1,1,34,1,1,1,1,1,7,1,1,3,6,1,4,3,1,1,1,5,24,40,4.5,1125,1,0,0,0,0,0,1, ,0,1,1.1039
4,2,1,22,3,1,5,5,5,5,5,5,5,5,1,5,5,5,5,1,5,1,2,3,1,4,6,20,1,1,3,3,8,3,1,3,2,4,5,4,2,5,2,1,4,24,40,5,2.25,1,0,0,0,0,0,1, ,0,1,1.1039
4,2,1,16,1,3,5,5,5,5,5,5,1,5,2,4,4,4,4,3,3,3,3,3,5,3,3,1,1,1,2,2,1,7,1,1,2,5,1,3,1,1,5,1,4,34,40,3.6666666666666665,3125,1,0,0,0,0,0,1, ,0,1,1.1039
4,2,1,17,1,3,5,5,5,5,5,5,1,5,2,4,4,4,4,3,4,3,3,3,5,3,40,1,1,1,2,2,1,7,1,1,3,6,1,3,4,1,2,1,4,34,40,3.6666666666666665,3.25,1,0,0,0,0,0,1, ,0,1,1.1039
5,3,2,22,1,1,5,5,5,5,5,5,5,5,5,5,5,5,5,1,3,1,1,1,1,1,4,34,1,1,3,3,2,7,1,3,2,3,1,2,2,4,2,1,4,11,40,5,1.75,1,1,0,0,0,0,1,1,0,1,1.1039
5,3,2,22,1,1,5,5,5,5,5,5,5,5,1,5,5,5,5,1,3,1,1,3,1,3,3,29,1,1,3,3,8,7,1,3,6,4,5,2,2,5,4,1,1,11,40,5,1.75,1,1,0,0,0,0,1,1,0,1,1.1039
5,3,2,22,1,1,5,5,5,5,5,5,5,5,1,5,5,5,5,1,5,1,1,3,1,3,3,32,1,1,3,3,8,7,1,2,6,4,5,2,3,1,4,1,4,11,40,5,2,1,1,0,0,0,0,1,1,0,1,1.1039
5,3,2,22,1,1,5,5,5,5,5,5,5,5,1,5,5,5,5,1,5,1,2,3,2,3,3,29,1,1,3,3,8,7,1,2,2,6,1,2,2,4,1,1,2,11,40,5,2.25,1,1,0,0,0,0,1,1,0,1,1.1039
5,3,2,22,1,1,5,5,5,5,5,5,5,5,1,5,5,5,5,1,5,1,2,3,1,3,3,29,1,1,3,3,8,3,1,2,6,4,4,5,2,4,2,1,4,11,40,5,2125,1,1,0,0,0,0,1,1,0,1,1.1039
5,3,3,22,1,1,5,5,5,5,5,5,5,5,2,5,5,5,5,1,3,1,1,3,1,3,6,34,4,5,3,3,11,7,1,2,6,5,1,2,2,4,2,1,4,11,40,5,1875,1,1,0,0,0,0,1,1,0,1,1.1039
5,3,5,22,1,1,5,5,5,5,5,5,5,5,1,5,5,5,5,1,4,1,1,1,1,1,7,29,1,1,3,3,2,3,1,2,2,4,2,2,2,4,2,1,4,11,40,5,1375,1,1,0,0,0,0,1,1,0,1,1.1039
5,3,2,22,1,1,5,5,5,5,5,5,4,5,1,4,5,5,5,1,3,1,1,1,1,1,3,32,1,1,2,2,1,7,1,2,6,4,3,5,2,5,1,1,4,13,40,4.666666666666667,1.25,1,1,0,0,0,0,1,1,0,1,1.1039
5,3,4,22,1,2,5,5,5,5,5,5,5,5,1,3,5,5,4,1,3,1,1,1,1,1,3,32,1,1,3,3,2,7,1,1,2,4,2,2,2,5,2,1,4,13,40,4.5,1.25,1,1,0,0,0,0,1,1,0,1,1.1039
5,3,3,22,3,1,5,5,5,5,5,5,5,5,1,5,5,4,4,1,3,1,1,1,1,1,15,34,4,5,1,1,1,7,1,1,3,6,1,4,4,1,1,1,5,24,40,4.666666666666667,1.25,1,1,0,0,0,0,1,1,0,1,1.1039
5,3,5,22,3,1,5,5,5,5,5,5,5,5,1,3,5,5,5,1,3,1,1,1,1,1,15,29,1,1,3,3,4,7,1,3,6,2,1,3,3,1,4,1,4,30,40,4.666666666666667,1.25,1,1,0,0,0,0,1,1,0,1,1.1039
6,2,1,17,1,3,5,5,5,5,5,5,1,5,2,4,4,4,5,3,3,3,3,3,5,3,6,3,1,1,2,2,1,7,1,3,2,6,1,4,3,1,2,1,4,34,40,3.8333333333333335,3125,1,0,0,0,0,0,1, ,0,1,1.1039
6,2,1,16,1,3,5,5,3,4,5,5,1,4,1,4,4,4,4,3,3,3,3,3,5,3,9,1,1,1,1,1,1,7,93,3,2,3,1,6,2,4,2,1,4,34,40,3.5,3,1,0,0,0,0,0,1, ,0,1,1.1039
2,2,1,4,3,3,5,5,5,5,5,5,1,5,1,5,1,5,2,2,5,3,3,3,3,3,40,32,1,1,1,1,1,3,90,2,6,4,5,4,3,1,2,2,4,30,40,3.1666666666666665,2875,1,0,1,0,1,0,0,2,0,1,1.1039
2,2,1,4,3,3,5,5,5,5,5,5,1,5,1,5,5,5,5,2,5,1,3,3,1,3,51,29,1,1,2,2,1,3,25,3,6,4,4,4,3,1,2,2,4,30,40,4.333333333333333,2375,1,0,1,0,1,0,0,2,0,1,1.1039
3,2,1,9,3,1,5,5,5,5,5,5,5,5,1,5,5,5,5,1,5,1,3,3,1,3,3,32,1,1,2,2,1,3,1,1,2,5,1,4,4,1,2,2,4,24,40,5,2.25,1,0,0,1,1,0,0,3,0,1,1.1039
4,2,1,22,1,1,5,5,5,5,5,5,5,5,1,5,5,5,5,1,3,1,1,1,1,1,15,34,4,5,3,3,6,7,1,1,3,6,1,2,4,1,1,2,2,11,40,5,1.25,1,0,0,0,1,0,0, ,0,1,1.1039
4,2,1,22,3,1,5,5,5,5,5,5,5,5,1,3,4,5,5,1,2,1,1,1,1,1,15,34,1,1,1,1,1,7,1,3,4,3,1,3,1,1,4,2,3,13,40,4.5,1125,1,0,0,0,1,0,0, ,0,1,1.1039
5,3,2,22,1,1,5,5,5,5,5,5,5,5,1,5,5,5,5,1,5,1,2,3,1,3,3,32,1,1,3,3,12,7,1,1,6,2,1,2,4,1,1,2,5,11,40,5,2125,1,1,0,0,1,0,0,1,0,1,1.1039
5,3,2,22,1,1,5,5,5,5,5,5,5,5,1,5,5,5,5,1,5,1,3,3,1,3,3,29,1,1,3,3,10,7,1,3,2,4,6,2,2,5,3,2,5,11,40,5,2.25,1,1,0,0,1,0,0,1,0,1,1.1039
5,3,2,22,1,1,5,5,5,5,5,5,5,5,1,5,5,5,5,1,5,1,1,3,1,3,3,29,1,1,3,3,2,7,1,3,2,6,1,2,2,4,1,2,5,11,40,5,2,1,1,0,0,1,0,0,1,0,1,1.1039
5,3,3,22,1,1,5,5,5,5,5,5,5,5,5,5,5,5,5,2,5,1,1,3,1,3,3,29,1,1,3,3,12,7,1,2,2,4,3,2,2,4,2,2,4,11,40,5,2625,1,1,0,0,1,0,0,1,0,1,1.1039
5,3,3,22,1,1,5,5,5,5,5,5,5,5,1,5,5,5,5,1,2,2,2,3,1,3,3,32,1,1,3,3,2,7,1,2,6,6,1,2,2,5,2,2,2,11,40,5,1875,1,1,0,0,1,0,0,1,0,1,1.1039
2,2,1,4,3,1,5,5,5,5,5,5,5,5,5,5,5,5,5,5,5,1,1,3,3,3,25,16,6,8,2,2,1,7,1,1,5,2,1,4,4,1,2,4,2,11,40,5,3.25,1,0,1,0,0,1,0,2,0,1,1.1039
2,2,1,4,3,1,5,5,5,5,5,5,5,5,1,5,5,5,5,1,5, ,3,3,1,3,6,32,1,1,3,3,8,3,1,2,2,4,2,4,2,4,2,4,5,24,40,5,2.4285714285714284,1,0,1,0,0,1,0,2,0,1,1.1039
2,2,1,4,3,3,5,5,5,5,5,5,1,5,1,2,5,5,5,2,4,3,3,3,3,3,3,32,1,1,1,1,1,3,57,3,6,5,1,2,1,1,2,4,4,30,40,3.8333333333333335,2.75,1,0,1,0,0,1,0,2,0,1,1.1039
2,2,1,4,2,1,5,5,5,5,5,5,5,5,1,5,5,5,5,1,1,1,1,1,2,2,4,34,1,4,1,1,1,3,95,2,6,5,1,5,1,1,2,4,5,36,40,5,1.25,1,0,1,0,0,1,0,2,0,1,1.1039
2,2,1,6,3,1,5,5,4,4,5,5,5,5,1,5,5,5,5,2,3,2,2,2,3,3,7,35,3,3,1,1,1,3,15,2,6,6,1,6,4,1,4,4,4,36,40,5,2.25,1,0,1,0,0,1,0,2,0,1,1.1039
3,2,1,9,3,1,5,5,5,5,5,5,5,5,2,5,5,5,5,2,5,2,3,4,1,4,4,20,4,5,3,3,8,3,1,2,2,5,1,4,2,5,2,4,5,24,40,5,2875,1,0,0,1,0,1,0,3,0,1,1.1039
3,2,1,9,3,1,5,5,5,5,5,5,5,5,3,5,5,5,5,1,3,2,2,2,3,2,18,35,1,1,1,1,1,4,24,3,6,3,1,6,2,4,2,4,2,36,40,5,2.25,1,0,0,1,0,1,0,3,0,1,1.1039
3,2,1,9,3,1,5,5,5,5,5,5,5,5,5,5,5,5,5,1,1,1,1,1,2,3,5,35,1,1,1,1,1,4,1,1,2,2,1,5,4,1,2,4,1,36,40,5,1875,1,0,0,1,0,1,0,3,0,1,1.1039
4,2,1,20,3,2,5,4,4,4,5,5,5,5,1,3,5,4,3,1,2,1,1,1,1,1,11,8,4,5,1,1,1,7,1,3,6,6,1,6,1,1,4,4,4,13,40,4.166666666666667,1125,1,0,0,0,0,1,0, ,0,1,1.1039
4,2,1,20,3,2,5,5,5,5,5,5,5,5,1,4,5,5,5,1,1,1,1,1,1,1,42,18,4,5,2,2,1,7,1,2,5,6,1,3,4,1,4,4,2,13,40,4.833333333333333,1,1,0,0,0,0,1,0, ,0,1,1.1039
4,2,1,22,3,1,5,5,5,5,5,5,5,5,1,4,5,5,4,1,3,1,1,1,1,1,15,34,1,1,2,2,1,7,1,2,5,5,1,3,2,5,4,4,4,13,40,4.666666666666667,1.25,1,0,0,0,0,1,0, ,0,1,1.1039
4,2,1,4,3,1,5,5,5,5,5,5,5,5,1,5,5,5,5,1,5,3,3,3,2,4,3,29,1,1,3,3,9,3,1,3,2,3,1,4,2,2,2,4,5,24,40,5,2.75,1,0,0,0,0,1,0, ,0,1,1.1039
4,3,5,19,3,1,5,5,5,5,5,5,2,4,1,4,4,5,4,1,2,2,3,3,2,3,40,32,3,3,3,3,7,3,48,1,5,2,1,3,1,1,4,4,3,33,40,3.8333333333333335,2125,1,0,0,0,0,1,0, ,0,1,1.1039
4,2,1,22,2,1,5,5,5,5,5,5,5,5,3,5,5,5,5,2,3,2,2,2,3,2,1,34,1,4,1,1,1,3,35,2,6,6,1,6,3,1,4,4,4,36,40,5,2375,1,0,0,0,0,1,0, ,0,1,1.1039
5,3,2,22,1,1,5,5,5,5,5,5,5,5,1,5,5,5,5,5,5,2,2,5,1,3,21,34,1,1,3,3,2,7,1,3,2,5,1,2,2,4,1,4,5,11,40,5,3,1,1,0,0,0,1,0,1,0,1,1.1039
5,3,2,22,1,1,5,5,5,5,5,5,5,5,1,5,5,5,5,1,5,1,1,3,1,3,19,32,1,1,3,3,2,7,1,3,2,5,1,2,2,4,1,4,4,11,40,5,2,1,1,0,0,0,1,0,1,0,1,1.1039
5,3,3,22,1,1,5,5,5,5,5,5,5,5,1,5,5,5,5,2,4,1,2,3,1,3,6,34,1,1,3,3,10,7,1,3,5,5,1,2,2,4,1,4,5,11,40,5,2125,1,1,0,0,0,1,0,1,0,1,1.1039
5,3,5,22,1,1,5,5,5,5,5,5,5,5,1,4,5,5,3,1,1,1,1,1,1,1,10,34,1,1,3,3,2,7,1,2,2,4,4,3,2,4,2,4,2,11,40,4.5,1,1,1,0,0,0,1,0,1,0,1,1.1039
5,3,5,22,1,1,5,5,5,5,5,5,5,5,1,3,5,4,4,1,1,1,1,1,1,1,15,34,1,1,3,3,2,2,1,1,5,2,1,2,4,1,2,4,4,11,40,4.333333333333333,1,1,1,0,0,0,1,0,1,0,1,1.1039
5,3,2,22,3,1,5,5,5,5,5,5,5,5,1,5,5,5,5,1,4,1,1,1,1,1,4,34,1,1,3,3,3,7,1,3,2,3,1,6,2,2,2,4,4,24,40,5,1375,1,1,0,0,0,1,0,1,0,1,1.1039
5,3,3,22,3,1,5,5,5,5,5,5,5,5,1,5,5,5,5,1,4,1,1,1,1,1,1,29,1,1,3,3,3,7,1,3,4,5,1,4,1,1,2,4,4,24,40,5,1375,1,1,0,0,0,1,0,1,0,1,1.1039
5,3,5,22,3,1,5,5,5,5,5,5,5,5,1,3,5,5,5,1,1,1,1,1,1,1,1,34,1,1,2,2,1,7,1,2,2,6,1,2,3,1,2,4,2,30,40,4.666666666666667,1,1,1,0,0,0,1,0,1,0,1,1.1039
5,3,2,22,3,1,5,5,5,5,5,5,3,5,2,5,3,5,4,1,3,3,3,3,3,3,3,2,1,1,3,3,7,3,66,2,2,2,1,5,1,1,4,4,4,33,40,4.166666666666667,2625,1,1,0,0,0,1,0,1,0,1,1.1039
6,2,1,4,3,1,5,5,5,5,5,5,3,5,2,4,5,5,5,2,3,3,3,3,2,2,28,18,4,5,1,1,1,7,112,3,5,4,4,3,1,1,4,4,4,13,40,4.5,2.5,1,0,0,0,0,1,0, ,0,1,1.1039
6,2,1,16,3,1,5,5,5,5,5,5,1,5,1,5,5,5,5,3,5,3,3,5,5,5,6,3,1,1,3,3,11,3,2,3,2,3,1,4,2,4,2,4,4,34,40,4.333333333333333,3.75,1,0,0,0,0,1,0, ,0,1,1.1039
6,2,1,4,3,1,5,5,5,5,5,5,2,5,3,4,5,5,5,3,4,3,3,4,5,3,4,1,1,1,3,3,7,7,1,2,5,2,1,3,1,1,2,4,4,34,40,4.333333333333333,3.5,1,0,0,0,0,1,0, ,0,1,1.1039
6,2,1,4,3,1,5,5,5,5,5,5,1,5,1,5,5,5,5,2,4,3,3,3,3,3,5,1,4,5,3,3,8,7,23,2,5,2,1,3,3,1,5,4,3,34,40,4.333333333333333,2.75,1,0,0,0,0,1,0, ,0,1,1.1039
4,2,1,10,3,3,5,5,5,5,5,5,1,5,3,4,5,5,4,3,3,5,5,5,3,5,7,10,4,5,2,2,1,7,1,2,6,2,1,6,3,1,2,1,4,5,15,4,4, ,0,0,0,0,0,1, ,1,1,708
6,2,1,4,3,3,5,5,5,5,5,5,3,5,5,5,5,5,5,5,5,5,5,5,5,5,3,32,5,7,3,3,7,3,106,1,5,2,1,6,4,1,4,1,4,27,15,4.666666666666667,5,2,0,0,0,0,0,1, ,1,1,708
2,2,1,4,1,3,5,5,5,5,5,5,2,5,2,4,4,5,4,2,3,3,3,3,3,3,3,10,4,5,2,2,1,7,105,3,3,6,1,3,3,1,5,1,4,7,25,4,2.75,1,0,1,0,0,0,1,2,1,1,708
2,2,1,4,1,3,5,5,5,5,5,5,3,5,1,4,5,5,4,3,3,3,3,3,3,3,45,10,4,5,2,2,1,7,1,2,5,6,1,7,4,1,5,1,4,7,25,4.333333333333333,2.75,1,0,1,0,0,0,1,2,1,1,708
2,2,1,4,1,3,5,5,5,5,5,5,1,5,2,4,5,5,4,2,3,3,3,3,3,3,51,10,4,5,2,2,1,7,1,3,5,5,1,7,1,1,5,1,2,7,25,4,2.75,1,0,1,0,0,0,1,2,1,1,708
2,2,1,4,3,3,5,5,5,5,5,5,1,5,2,4,5,5,4,3,4,2,2,2,3,3,3,2,1,1,2,2,1,3,1,1,2,5,1,5,4,1,5,1,1,21,25,4,2625,1,0,1,0,0,0,1,2,1,1,708
2,2,1,6,3,3,5,5,5,5,5,5,4,5,2,5,5,5,5,2,4,3,3,3,3,3,3,11,5,5,2,2,1,3,1,3,5,5,1,5,3,1,1,1,1,21,25,4.833333333333333,2875,1,0,1,0,0,0,1,2,1,1,708
2,2,1,4,3,3,5,5,5,5,5,5,2,5,2,5,5,5,5,2,5,2,2,2,3,3,22,3,4,5,2,2,1,3,1,1,5,2,1,3,4,1,1,1,5,21,25,4.5,2625,1,0,1,0,0,0,1,2,1,1,708
3,2,1,9,1,3,5,5,5,5,5,5,1,5,1,5,5,5,5,1,3,3,3,3,3,3,32,10,4,5,1,1,1,7,85,2,4,4,4,6,3,1,4,1,4,29,25,4.333333333333333,2.5,1,0,0,1,0,0,1,3,1,1,708
3,2,1,9,1,3,5,5,5,5,5,5,1,5,1,5,5,5,5,3,3,3,3,3,2,4,32,10,4,5,3,3,3,7,9,3,4,5,1,6,4,1,4,1,5,29,25,4.333333333333333,2.75,1,0,0,1,0,0,1,3,1,1,708
3,2,1,9,1,3,5,5,5,5,5,5,2,5,2,5,5,5,5,2,4,3,3,4,2,4,5,10,4,5,3,3,3,3,1,3,5,3,1,3,2,5,5,1,2,29,25,4.5,3,1,0,0,1,0,0,1,3,1,1,708
3,2,1,9,1,3,5,5,5,5,5,5,2,5,2,5,5,5,5,5,4,4,4,4,2,4,25,10,4,5,1,1,1,3,1,3,2,5,1,3,2,3,4,1,4,29,25,4.5,3625,1,0,0,1,0,0,1,3,1,1,708
3,2,1,9,1,3,5,5,5,5,5,5,1,5,2,5,5,5,5,1,5,5,5,5,3,5,30,10,4,5,3,3,3,3,1,3,5,4,6,5,2,3,5,1,5,29,25,4.333333333333333,3875,1,0,0,1,0,0,1,3,1,1,708
3,2,1,9,1,3,5,5,5,5,5,5,1,5,1,5,5,5,5,1,5,5,5,5,4,5,29,10,4,5,1,1,1,3,1,3,2,3,1,5,2,3,4,1,4,29,25,4.333333333333333,3875,1,0,0,1,0,0,1,3,1,1,708
4,2,1,4,1,3,5,5,5,5,5,5,4,5,2,4,5,5,4,3,3,3,3,3,3,3,3,10,4,5,2,2,1,7,59,3,4,6,1,6,1,1,2,1,2,7,25,4.5,2875,1,0,0,0,0,0,1, ,1,1,708
4,2,1,4,1,3,5,5,5,5,5,5,1,5,1,4,4,5,4,3,3,3,3,3,3,3,46,10,4,5,2,2,1,7,40,3,2,5,1,6,2,5,2,1,5,7,25,3.8333333333333335,2.75,1,0,0,0,0,0,1, ,1,1,708
4,2,1,4,1,3,5,5,5,5,5,5,1,5,1,4,4,5,4,3,3,3,3,3,3,3,36,10,4,5,2,2,1,7,1,3,2,6,1,6,3,1,2,1,2,7,25,3.8333333333333335,2.75,1,0,0,0,0,0,1, ,1,1,708
2,2,1,17,3,1,5,5,5,5,5,5,4,5,2,4,5,5,5,2,3,1,1,1,1,1,4,34,1,1,1,1,1,3,50,2,6,6,1,5,4,1,2,1,4,9,30,4.666666666666667,1.5,1,0,1,0,0,0,1,2,1,1,708
2,2,1,21,3,1,5,5,5,5,5,5,2,5,1,3,5,5,4,2,3,1,1,1,1,1,1,29,1,1,3,3,8,3,74,2,6,2,1,4,1,1,4,1,2,18,30,4,1375,1,0,1,0,0,0,1,2,1,1,708
3,2,1,12,3,3,5,5,5,5,5,5,3,5,3,5,5,5,5,3,5,5,5,5,5,5,4,27,1,3,1,1,1,3,18,2,6,6,1,6,3,1,4,1,4,14,30,4.666666666666667,4.5,1,0,0,1,0,0,1,3,1,1,708
4,2,1,22,3,1,5,5,5,5,5,5,5,5,1,3,4,5,4,1,3,1,1,1,1,1,1,34,1,1,3,3,3,7,1,2,4,2,1,2,4,1,2,1,5,23,30,4.333333333333333,1.25,1,0,0,0,0,0,1, ,1,1,708
5,3,3,22,1,3,5,5,5,5,5,5,1,5,2,5,5,5,5,2,4,3,3,3,3,3,48,2,1,1,2,2,1,7,1,2,6,4,3,3,2,5,2,1,4,15,30,4.333333333333333,2875,1,1,0,0,0,0,1,1,1,1,708
6,2,1,4,1,3,5,5,5,5,5,5,5,5,2,3,5,5,4,3,3,3,3,3,3,3,3,32,1,1,2,2,1,7,1,3,3,6,1,3,4,1,5,1,2,15,30,4.5,2875,1,0,0,0,0,0,1, ,1,1,708
6,2,1,9,1,3,5,5,5,5,5,5,1,5,1,4,5,5,4,3,3,3,3,3,3,3,40,10,1,1,2,2,1,7,1,3,2,6,1,5,4,1,2,1,4,15,30,4,2.75,1,0,0,0,0,0,1, ,1,1,708
3,2,1,9,2,1,5,5,5,5,5,5,2,5,3,5,5,5,5,3,3,3,3,5,3,5,4,20,1,5,1,1,1,3,44,2,5,2,1,2,4,1,4,1,4,10,35,4.5,3.5,1,0,0,1,0,0,1,3,1,1,708
6,2,1,20,2,1,5,5,3,2,5,5,5,5,3,5,5,5,5,3,3,3,3,5,3,5,4,36,1,1,2,2,1,2,45,1,5,1,1,6,4,1,4,1,4,10,35,5,3.5,1,0,0,0,0,0,1, ,1,1,708
6,2,1,4,3,1,5,5,5,5,5,5,5,5,1,4,5,5,4,1,3,1,1,1,1,1,7,8,4,5,2,2,1,7,61,2,3,6,1,2,3,1,2,1,2,32,35,4.666666666666667,1.25,1,0,0,0,0,0,1, ,1,1,708
2,2,1,4,3,3,5,5,5,5,5,5,2,5,3,5,5,5,5,5,5,5,5,5,5,5,14,15,6,8,1,1,1,3,26,3,4,6,1,1,1,1,4,2,4,6,10,4.5,4.75,2,0,1,0,1,0,0,2,1,1,708
2,2,1,10,3,3,5,5,5,5,5,5,5,5,5,5,5,5,5,5,5,5,5,5,5,5,1,34,1,1,3,3,3,3,107,1,4,2,1,5,4,1,2,2,2,28,10,5,5, ,0,1,0,1,0,0,2,1,1,708
4,2,1,6,3,3,5,5,3,3,5,5,1,5,1,3,5,5,3,3,4,5,5,5,3,5,28,8,4,5,1,1,1,7,1,3,3,2,1,5,2,5,4,2,1,5,15,3.6666666666666665,3875,2,0,0,0,1,0,0, ,1,1,708
4,2,1,4,3,1,5,5,5,5,5,5,5,5,1,4,5,5,5,1,1,1,1,1,1,1,42,34,4,5,3,3,8,7,1,2,5,2,1,6,4,1,1,2,5,5,15,4.833333333333333,1,1,0,0,0,1,0,0, ,1,1,708
6,2,1,4,3,3,5,5,5,5,5,5,2,5,3,4,5,5,5,5,5,5,5,5,5,5,3,34,1,1,1,1,1,3,100,2,5,5,1,6,3,1,4,2,4,27,15,4.333333333333333,4.75,2,0,0,0,1,0,0, ,1,1,708
6,2,1,4,2,3,5,5,5,5,5,5,2,5,5,4,5,5,5,5,5,5,5,5,5,5,6,27,4,5,1,1,1,3,5,1,5,2,1,6,4,1,2,2,1,27,15,4.333333333333333,5,2,0,0,0,1,0,0, ,1,1,708
6,2,1,10,3,3,5,5,5,5,5,5,2,5,2,5,5,5,5,3,5,5,5,5,5,5,1,35,1,1,2,2,1,3,49,2,5,2,1,6,3,1,4,2,5,27,15,4.5,4375,1,0,0,0,1,0,0, ,1,1,708
2,2,1,6,3,3,5,5,5,5,5,5,2,5,2,5,5,5,5,2,5,2,2,2,3,3,37,7,1,1,2,2,1,3,1,3,6,5,1,7,3,1,1,2,3,21,25,4.5,2625,1,0,1,0,1,0,0,2,1,1,708
2,2,1,4,3,3,5,5,5,5,5,5,3,5,3,5,5,5,5,2,4,3,3,3,3,3,36,22,1,1,1,1,1,3,1,2,5,6,1,5,3,1,1,2,1,21,25,4.666666666666667,3,1,0,1,0,1,0,0,2,1,1,708
3,2,1,9,1,3,5,5,5,5,5,5,1,5,1,5,5,5,5,1,5,3,3,3,2,3,22,10,4,5,2,2,1,7,86,3,4,6,1,6,3,1,5,2,2,29,25,4.333333333333333,2625,1,0,0,1,1,0,0,3,1,1,708
3,2,1,9,1,3,5,5,5,5,5,5,1,5,1,5,5,5,5,3,3,3,3,3,3,3,22,10,4,5,1,1,1,3,91,2,4,6,1,6,3,1,4,2,5,29,25,4.333333333333333,2.75,1,0,0,1,1,0,0,3,1,1,708
3,2,1,9,1,3,5,5,5,5,5,5,1,5,1,5,5,5,5,3,4,3,3,4,1,4,28,10,6,8,3,3,8,7,1,3,6,5,1,3,2,5,4,2,4,29,25,4.333333333333333,2875,1,0,0,1,1,0,0,3,1,1,708
3,2,1,25,1,3,2,5,5,5,5,5,2,5,2,5,5,5,5,2,4,3,4,4,2,4,22,10,4,5,3,3,4,3,1,3,2,6,1,5,2,3,5,2,4,29,25,4.5,3125,1,0,0,1,1,0,0,3,1,1,708
3,2,1,9,1,3,5,5,5,5,5,5,1,5,1,5,5,5,5,1,5,5,5,5,2,5,28,10,4,5,3,3,2,3,1,2,3,1,1,5,4,1,3,2,3,29,25,4.333333333333333,3625,1,0,0,1,1,0,0,3,1,1,708
3,2,1,9,1,3,5,5, ,5,5,5,1,5,1,5,5,5,5,1,5,5,5,5,3,5,22,10,4,5,2,2,1,3,1,2,5,5,1,5,3,1,5,2,3,29,25,4.333333333333333,3.75,1,0,0,1,1,0,0,3,1,1,708
4,2,1,5,3,3,5,5,5,5,5,5,1,5,1,4,5,5,3,1,4,3,3,3,2,3,28,8,4,5,3,3,8,7,1,2,2,2,1,3,4,1,2,2,5,7,25,3.8333333333333335,2.5,1,0,0,0,1,0,0, ,1,1,708
4,2,1,7,3,3,5,5,5,5,5,5,1,5,2,4,5,5,4,3,3,3,3,3,3,4,4,8,4,5,1,1,1,7,1,3,5,2,1,5,3,1,4,2,2,7,25,4,3,1,0,0,0,1,0,0, ,1,1,708
6,2,1,9,3,1,5,5,5,5,5,5,2,5,3,4,4,4,4,3,5,3,3,3,3,3,3,3,1,1,3,3,10,7,1,2,5,5,1,4,3,1,4,2,4,21,25,3.8333333333333335,3.25,1,0,0,0,1,0,0, ,1,1,708
6,2,1,9,3,3,5,5,5,5,5,5,2,5,2,5,5,5,5,3,4,3,3,3,3,3,4,30,4,5,3,3,8,7,1,1,4,2,1,6,4,1,5,2,2,29,25,4.5,3,1,0,0,0,1,0,0, ,1,1,708
6,2,1,4,3,3,5,5,5,5,5,5,2,5,2,4,5,5,5,4,4,4,4,4,2,3,40,30,4,5,3,3,2,7,1,2,2,2,1,6,1,1,5,2,2,29,25,4.333333333333333,3375,1,0,0,0,1,0,0, ,1,1,708
6,2,1,4,3,3,5,5,5,5,5,5,1,5,1,5,5,5,5,1,3,3,3,3,2,2,4,35,4,5,3,3,8,7,8,3,4,2,1,3,4,1,4,2,4,29,25,4.333333333333333,2.25,1,0,0,0,1,0,0, ,1,1,708
6,2,1,9,1,3,5,5,5,5,5,5,1,5,1,5,5,5,5,3,4,3,3,4,3,4,22,10,4,5,1,1,1,3,1,3,3,2,1,6,1,1,5,2,2,29,25,4.333333333333333,3125,1,0,0,0,1,0,0, ,1,1,708
2,2,1,4,3,1,5,5,5,5,5,5,3,5,3,5,5,5,5,3,4,1,1,1,3,2,1,30,1,1,1,1,1,3,29,1,2,2,1,6,3,1,4,2,2,9,30,4.666666666666667,2.25,1,0,1,0,1,0,0,2,1,1,708
4,2,1,9,2,1,5,5,5,5,5,5,4,5,1,1,5,4,4,2,2,2,2,2,2,2,13,30,4,5,2,2,1,3,1,2,6,5,1,5,1,1,4,2,5,23,30,3.8333333333333335,1875,1,0,0,0,1,0,0, ,1,1,708
4,2,1,22,3,1,5,5,5,5,5,5,5,5,1,3,4,5,4,1,3,1,1,1,1,1,1,34,1,1,3,3,4,7,1,3,4,6,1,4,4,1,4,2,4,23,30,4.333333333333333,1.25,1,0,0,0,1,0,0, ,1,1,708
4,2,1,16,3,1,5,5,5,5,5,5,3,5,1,4,5,5,5,1,3,1,1,1,1,1,10,34,4,5,3,3,4,7,60,3,3,6,1,3,4,1,2,2,4,23,30,4.5,1.25,1,0,0,0,1,0,0, ,1,1,708
4,2,1,20,2,1,5,5,5,5,5,5,4,5,1,4,5,5,5,1,3,1,1,1,1,1,10,34,1,1,2,2,1,7,1,1,3,1,1,2,4,1,1,2,4,23,30,4.666666666666667,1.25,1,0,0,0,1,0,0, ,1,1,708
4,2,1,4,2,1,5,5,5,5,5,5,4,5,3,3,4,5,4,2,4,2,2,2,2,2,6,34,1,1,2,2,1,7,1,1,3,5,1,3,4,1,4,2,4,23,30,4.166666666666667,2375,1,0,0,0,1,0,0, ,1,1,708
4,2,1,5,2,1,5,4,4,4,5,5,3,5,2,4,4,5,4,2,3,2,2,2,2,2,6,30,1,1,1,1,1,7,1,3,4,6,1,3,1,1,3,2,1,23,30,4.166666666666667,2125,1,0,0,0,1,0,0, ,1,1,708
6,2,1,4,3,1,5,5,5,5,5,5,3,5,3,4,5,5,5,3,3,3,3,3,3,3,4,30,4,5,1,1,1,6,1,2,5,2,1,6,1,1,4,2,1,15,30,4.5,3,1,0,0,0,1,0,0, ,1,1,708
6,2,1,20,2,1,5,5,5,5,5,5,3,5,2,4,5,5,3,1,3,1,1,2,1,2,14,30,4,5,2,2,1,2,1,2,5,2,1,3,1,1,4,2,2,23,30,4.166666666666667,1625,1,0,0,0,1,0,0, ,1,1,708
3,2,1,19,3,1,5,5,5,5,5,5,3,5,2,5,5,5,5,2,3,3,3,3,3,3,3,32,1,1,3,3,8,7,62,3,2,4,6,3,1,1,4,2,1,32,35,4.666666666666667,2.75,1,0,0,1,1,0,0,3,1,1,708
2,2,1,4,3,3,5,5,5,5,5,5,3,5,3,4,5,5,5,3,4,3,3,3,3,3,40,3,1,1,2,2,1,3,1,3,2,6,1,5,1,1,3,3,3,21,25,4.5,3125,1,0,1,0,0,0,0,2,1,1,708
4,2,1,4,3,3,5,5,5,5,5,5,1,5,2,3,4,5,4,2,3,4,4,4,2,3,10,34,4,5,1,1,1,7,1,2,4,6,1,5,4,1,5,3,2,7,25,3.6666666666666665,3,1,0,0,0,0,0,0, ,1,1,708
6,2,1,9,3,3,5,5,5,5,5,5,1,5,3,5,5,5,5,4,5,5,5,5,5,5,20,35,1,1,3,3,8,7,41,3,4,5,1,6,2,5,5,3,5,29,25,4.333333333333333,4625,2,0,0,0,0,0,0, ,1,1,708
2,2,1,17,3,1,5,5,5,5,5,5,3,5,1,4,5,5,5,1,3,1,1,1,1,1,4,29,1,1,1,1,1,3,83,1,4,2,1,5,4,1,2,3,3,9,30,4.5,1.25,1,0,1,0,0,0,0,2,1,1,708
2,2,1,4,3,3,5,5,5,5,5,5,2,5,4,5,5,5,5,5,5,5,5,5,5,5,9,35,2,3,1,1,1,3,99,3,6,5,1,6,3,1,5,4,4,4,15,4.5,4875,2,0,1,0,0,1,0,2,1,1,708
4,2,1,4,3,3,5,5,5,5,5,5,1,5,3,4,5,5,4,3,3,3,3,4,2,4,1,12,4,5,3,3,2,7,1,2,6,2,1,6,2,4,4,4,2,5,15,4,3125,1,0,0,0,0,1,0, ,1,1,708
6,2,1,4,3,3,5,5,5,5,5,5,1,5,1,2,5,5,5,3,4,5,5,5,3,5,1,19,4,5,3,3,11,7,76,3,4,6,1,6,3,1,4,4,2,5,15,3.8333333333333335,3875,2,0,0,0,0,1,0, ,1,1,708
6,2,1,10,3,3,5,5,5,5,5,5,1,5,3,5,5,5,5,3,5,5,5,5,5,5,4,35,4,3,2,2,1,3,94,3,5,6,1,6,3,1,2,4,4,27,15,4.333333333333333,4.5,2,0,0,0,0,1,0, ,1,1,708
6,2,1,5,2,3,5,5,5,5,5,5,5,5,5,5,5,5,5,5,5,5,5,5,5,5,3,22,6,8,2,2,1,3,10,2,6,2,1,6,4,1,4,4,3,27,15,5,5, ,0,0,0,0,1,0, ,1,1,708
6,2,1,4,3,3,5,5,5,5,5,5,1,5,1,4,5,4,4,1,3,1,5,5,3,5,4,8,1,1,1,1,1,3,1,3,4,6,1,6,1,1,2,4,2,5,15,3.8333333333333335,3,1,0,0,0,0,1,0, ,1,1,708
6,2,1,4,3,3,5,5,5,5,5,5,1,5,1,3,5,5,5,3,3,3,3,3,3,5,13,10,4,5,2,2,1,3,1,3,4,2,1,6,2,5,4,4,3,5,15,4,3,1,0,0,0,0,1,0, ,1,1,708
1,3,5,1,3,2,5,5,5,5,5,5,1,5,1,5,5,5,5,1,5,1,3,3,3,3,28,15,6,8,3,3,13,7,56,3,6,6,1,4,1,1,2,4,2,21,25,4.333333333333333,2.5,1,0,0,0,0,1,0, ,1,1,708
2,2,1,6,3,3,5,5,5,5,5,5,2,5,2,4,5,5,5,4,4,4,4,4,3,4,6,6,4,5,2,2,1,3,1,2,6,6,1,5,4,1,1,4,5,21,25,4.333333333333333,3625,1,0,1,0,0,1,0,2,1,1,708
3,2,1,9,1,3,5,5,5,5,5,5,1,5,2,5,5,5,5,2,4,3,3,4,2,4,28,10,4,5,2,2,1,7,1,3,5,3,1,3,2,3,5,4,4,29,25,4.333333333333333,3,1,0,0,1,0,1,0,3,1,1,708
3,2,1,9,1,3,5,5,5,5,5,5,1,5,1,5,5,5,5,1,5,5,5,5,1,5,32,10,4,5,3,3,4,3,1,3,4,6,1,5,3,1,3,4,5,29,25,4.333333333333333,3.5,1,0,0,1,0,1,0,3,1,1,708
4,2,1,4,3,3,5,5,5,5,5,5,1,5,1,3,4,5,4,1,3,3,3,3,1,3,4,8,4,5,2,2,1,7,1,3,5,2,1,6,3,1,4,4,4,7,25,3.6666666666666665,2.25,1,0,0,0,0,1,0, ,1,1,708
4,2,1,9,1,3,5,5,5,5,5,5,1,5,1,5,5,5,5,3,3,3,3,3,3,3,32,10,4,5,1,1,1,3,7,3,4,5,1,6,2,5,5,4,4,29,25,4.333333333333333,2.75,1,0,0,0,0,1,0, ,1,1,708
6,2,1,4,3,3,5,5,5,5,5,5,2,5,2,5,5,5,5,1,4,3,3,3,2,3,16,15,4,5,3,3,8,7,118,2,4,2,1,6,3,1,2,4,2,7,25,4.5,2625,1,0,0,0,0,1,0, ,1,1,708
6,2,1,20,2,3,5,5,5,5,5,5,5,5,3,4,5,5,5,5,5,5,5,5,5,5,37,1,1,1,1,1,1,2,54,2,5,6,1,4,3,1,4,4,3,35,25,4.833333333333333,4.75,1,0,0,0,0,1,0, ,1,1,708
2,2,1,6,3,1,5,5,5,5,5,5,2,5,2,4,5,5,5,1,2,2,2,2,2,2,7,32,1,1,1,1,1,3,19,3,2,4,4,3,2,4,4,4,4,9,30,4.333333333333333,1875,1,0,1,0,0,1,0,2,1,1,708
2,2,1,21,3,1,5,5,5,5,5,5,3,5,1,2,3,5,4,2,2,1,1,1,2,2,14,15,6,8,3,3,8,3,72,2,4,6,1,2,4,1,4,4,2,18,30,3.6666666666666665,1.5,1,0,1,0,0,1,0,2,1,1,708
3,2,1,4,3,1,5,5,5,5,5,5,4,5,3,5,5,5,5,1,4,2,2,2,3,2,4,23,4,5,3,3,8,3,104,2,6,4,6,5,2,5,4,4,3,9,30,4.833333333333333,2375,1,0,0,1,0,1,0,3,1,1,708
3,2,1,15,3,3,5,5,3,4,5,5,2,5,3,5,5,5,5,3,3,3,3,3,3,3,7,35,3,3,3,3,7,3,98,2,2,4,4,5,2,3,2,4,2,14,30,4.5,3,1,0,0,1,0,1,0,3,1,1,708
4,2,1,4,3,1,5,5,5,5,5,5,3,5,1,5,5,5,5,2,3,2,2,2,2,2,1,29,3,3,3,3,8,3,119,1,6,2,1,2,4,1,4,4,3,18,30,4.666666666666667,2,1,0,0,0,0,1,0, ,1,1,708
4,3,5,22,3,1,5,5,5,5,5,5,5,5,1,3,4,4,4,1,1,1,1,1,1,1,3,34,1,1,1,1,1,3,1,2,5,6,1,3,1,1,5,4,3,23,30,4.166666666666667,1,1,0,0,0,0,1,0, ,1,1,708
6,2,1,9,3,3,5,5,5,5,5,5,1,5,2,5,5,5,5,3,4,4,4,4,3,3,43,33,3,3,3,3,10,7,1,2,2,5,1,6,1,1,4,4,2,15,30,4.333333333333333,3375,1,0,0,0,0,1,0, ,1,1,708
6,2,1,4,3,3,5,5,5,5,5,5,2,5,2,4,5,5,5,2,4,3,3,3,3,3,6,23,4,5,3,3,8,7,16,1,5,2,1,6,4,1,4,4,2,15,30,4.333333333333333,2875,1,0,0,0,0,1,0, ,1,1,708
3,2,1,4,3,1,5,5,5,5,5,5,2,5,1,5,2,5,5,2,3,3,3,3,3,3,3,30,1,1,3,3,7,7,48,3,6,4,5,3,2,5,4,4,4,32,35,4,2625,1,0,0,1,0,1,0,3,1,1,708
3,2,1,4,3,1,5,5,5,5,5,5,3,5,3,5,5,5,5,2,3,2,2,2,3,2,3,2,1,1,3,3,7,7,48,1,5,2,1,5,4,1,4,4,4,32,35,4.666666666666667,2375,1,0,0,1,0,1,0,3,1,1,708
4,2,1,20,3,1,5,5,5,5,5,5,3,5,3,4,5,5,5,2,4,1,1,1,1,1,2,2,3,3,3,3,7,3,11,3,2,4,4,4,4,1,2,1,3,12,45,4.5,1.75,1,0,0,0,0,0,1, ,2,1,0.9643
2,3,4,4,3,1,5,5,5,5,5,5,5,5,3,3,5,5,5,3,3,3,3,3,1,3,6,20,1,1,2,2,1,3,1,2,5,6,1,2,3,1,2,1,2,17,50,4.666666666666667,2.75,1,0,1,0,0,0,1,2,2,1,0.9643
2,3,5,4,3,1,5,5,5,5,5,5,3,5,2,4,5,5,5,2,2,2,2,2,2,2,3,22,1,1,3,3,7,7,47,3,5,3,1,3,2,4,4,1,4,19,50,4.5,2,1,0,1,0,0,0,1,2,2,1,0.9643
3,2,1,9,1,1,5,5,5,5,5,5,2,5,1,4,5,5,4,2,2,2,2,2,2,2,37,8,1,1,2,2,1,6,1,1,6,5,1,4,3,1,2,1,2,16,50,4.166666666666667,1875,1,0,0,1,0,0,1,3,2,1,0.9643
4,2,1,4,1,3,5,5,5,5,5,5,5,5,2,4,5,5,4,3,3,3,3,3,3,3,23,10,1,1,2,2,1,7,1,2,2,4,3,5,1,1,2,1,2,2,50,4.666666666666667,2875,1,0,0,0,0,0,1, ,2,1,0.9643
4,2,1,22,1,2,5,5,5,5,5,5,5,5,2,2,5,5,4,2,3,2,2,2,2,2,3,32,1,1,2,2,1,7,1,2,2,5,1,5,1,1,2,1,4,2,50,4.333333333333333,2125,1,0,0,0,0,0,1, ,2,1,0.9643
4,2,1,4,3,1,5,5,5,5,5,5,5,5,1,3,4,5,3,1,1,1,1,1,1,1,7,34,1,1,1,1,1,7,1,1,3,6,1,4,4,1,1,1,5,16,50,4.166666666666667,1,1,0,0,0,0,0,1, ,2,1,0.9643
4,2,1,16,1,1,5,5,5,5,5,5,3,5,2,4,5,4,4,1,3,1,1,1,1,1,37,5,1,1,2,2,1,7,1,2,6,6,1,5,1,1,2,1,2,17,50,4.166666666666667,1375,1,0,0,0,0,0,1, ,2,1,0.9643
4,2,1,4,3,1,5,5,5,5,5,5,3,5,1,4,5,5,5,1,1,1,1,1,1,1,1,29,1,1,1,1,1,6,116,2,5,6,1,2,4,1,5,1,2,31,50,4.5,1,1,0,0,0,0,0,1, ,2,1,0.9643
5,3,5,20,3,1,5,5,5,5,5,5,5,5,1,5,5,5,5,1,3,1,1,1,1,1,14,34,4,3,3,3,4,7,1,2,2,4,6,5,3,1,2,1,1,2,50,5,1.25,1,1,0,0,0,0,1,1,2,1,0.9643
5,3,3,22,3,1,5,5,5,5,5,5,5,5,3,3,5,5,3,3,3,2,3,3,1,3,39,29,3,3,3,3,3,3,52,2,5,4,4,2,3,1,1,1,4,16,50,4.333333333333333,2625,1,1,0,0,0,0,1,1,2,1,0.9643
5,3,2,22,3,1,5,5,5,5,5,5,5,5,1,5,5,5,5,1,5,1,3,3,3,3,40,2,1,1,2,2,1,3,1,3,5,5,1,2,1,1,2,1,4,17,50,5,2.5,1,1,0,0,0,0,1,1,2,1,0.9643
5,3,2,22,2,1,5,5,5,5,5,5,5,5,1,2,3,5,5,2,3,2,2,2,1,3,23,32,1,1,2,2,1,3,1,3,6,5,1,3,1,1,2,1,4,17,50,4.166666666666667,2,1,1,0,0,0,0,1,1,2,1,0.9643
6,2,1,1,3,2,5,5,5,5,5,5,2,5,2,4,5,5,5,3,4,1,2,3,3,5,46,32,1,1,3,3,11,3,1,1,2,5,1,4,4,1,2,1,5,22,55,4.333333333333333,2875,1,0,0,0,0,0,1, ,2,1,0.9643
6,2,1,1,3,2,5,5,5,5,5,5,3,5,2,5,5,5,5,2,3,1,3,3,2,3,37,29,1,1,3,3,11,3,1,1,5,2,1,4,4,1,1,1,4,22,55,4.666666666666667,2375,1,0,0,0,0,0,1, ,2,1,0.9643
6,2,1,1,3,2,5,5,5,5,5,5,2,5,1,4,5,5,5,1,3,1,3,3,2,3,51,32,1,1,3,3,11,3,1,2,5,4,4,4,1,1,1,1,4,22,55,4.333333333333333,2125,1,0,0,0,0,0,1, ,2,1,0.9643
2,2,1,17,3,1,5,5,5,5,5,5,5,5,5,5,5,5,5,3,4,2,2,2,2,2,3,29,4,5,2,2,1,6,30,2,5,2,1,2,4,1,4,2,2,12,45,5,2.75,1,0,1,0,1,0,0,2,2,1,0.9643
4,2,1,4,1,1,5,5,5,5,5,5,5,5,1,4,5,5,5,1,3,1,1,1,1,1,12,29,1,1,2,2,1,7,1,3,3,6,1,5,3,1,3,2,1,2,50,4.833333333333333,1.25,1,0,0,0,1,0,0, ,2,1,0.9643
4,2,1,4,1,2,5,5,5,5,5,5,5,5,1,5,5,5,4,1,3,1,1,1,1,1,3,32,1,1,2,2,1,7,1,2,4,2,1,2,4,1,3,2,3,2,50,4.833333333333333,1.25,1,0,0,0,1,0,0, ,2,1,0.9643
4,2,1,22,1,2,5,5,5,5,5,5,5,5,1,4,5,5,4,1,1,1,1,1,1,1,15,34,4,5,3,3,2,7,1,2,4,2,1,2,3,1,2,2,1,17,50,4.666666666666667,1,1,0,0,0,1,0,0, ,2,1,0.9643
4,2,1,22,3,2,5,5,5,5,5,5,5,5,1,4,5,5,4,1,1,1,1,1,1,1,4,34,1,1,3,3,4,7,1,2,5,2,1,5,3,1,4,2,5,17,50,4.666666666666667,1,1,0,0,0,1,0,0, ,2,1,0.9643
4,2,1,22,3,2,5,5,5,5,5,5,5,5,1,4,4,4,4,1,1,1,1,1,1,1,49,34,1,1,1,1,1,7,1,3,4,6,1,2,3,1,4,2,2,17,50,4.333333333333333,1,1,0,0,0,1,0,0, ,2,1,0.9643
4,2,1,22,3,1,5,5,3,3,5,5,5,5,1,3,5,5,5,1,3,1,1,1,1,1,15,34,1,1,1,1,1,7,1,2,3,6,1,3,4,1,1,2,5,17,50,4.666666666666667,1.25,1,0,0,0,1,0,0, ,2,1,0.9643
4,2,1,16,3,1,5,5,5,5,5,5,3,5,1,5,5,5,5,2,2,2,2,2,2,2,1,32,1,1,1,1,1,3,108,3,5,3,1,4,3,1,5,2,2,31,50,4.666666666666667,1875,1,0,0,0,1,0,0, ,2,1,0.9643
5,3,2,22,3,1,5,5,5,5,5,5,2,5,1,5,5,5,5,2,4,1,3,3,3,3,36,34,1,1,1,1,1,3,48,3,4,6,1,4,3,1,3,2,1,16,50,4.5,2.5,1,1,0,0,1,0,0,1,2,1,0.9643
5,3,3,22,3,1,5,5,5,5,5,5,3,5,3,5,5,5,5,2,3,1,3,3,1,3,36,32,1,1,3,3,8,3,58,2,2,5,1,2,4,1,1,2,4,16,50,4.666666666666667,2375,1,1,0,0,1,0,0,1,2,1,0.9643
5,3,5,22,3,1,5,5,5,5,5,5,4,5,1,4,5,5,4,1,1,1,1,1,1,1,1,29,1,1,3,3,3,7,1,2,5,2,1,2,4,1,4,2,1,16,50,4.5,1,1,1,0,0,1,0,0,1,2,1,0.9643
5,3,5,22,3,1,5,5,5,5,5,5,5,5,1,5,5,5,5,1,3,1,1,1,1,1,13,34,4,5,3,3,4,3,1,1,3,6,1,4,4,1,1,2,2,16,50,5,1.25,1,1,0,0,1,0,0,1,2,1,0.9643
5,3,3,22,3,2,5,5,5,5,5,5,5,5,1,5,5,5,5,1,1,1,1,1,1,1,3,36,1,1,3,3,13,7,115,3,6,3,1,2,4,1,2,2,2,26,50,5,1,1,1,0,0,1,0,0,1,2,1,0.9643
5,3,5,2,3,2,5,5,5,5,5,5,5,5,1,5,5,5,5,1,3,1,1,3,3,3,1,29,1,1,3,3,8,7,101,3,6,3,1,2,2,2,4,2,4,26,50,5,2,1,1,0,0,1,0,0,1,2,1,0.9643
6,2,1,1,3,2,5,5,5,5,5,5,2,5,3,5,5,4,4,2,4,1,3,3,3,3,45,32,1,1,3,3,11,3,1,2,6,6,1,4,4,1,1,2,4,22,55,4.166666666666667,2.75,1,0,0,0,1,0,0, ,2,1,0.9643
4,2,1,4,3,2,5,5,5,5,5,5,5,5,1,4,5,5,5,2,4,1,1,1,1,1,50,34,4,5,1,1,1,1,79,2,2,4,4,7,3,1,5,3,2,2,50,4.833333333333333,1.5,1,0,0,0,0,0,0, ,2,1,0.9643
4,2,1,20,3,1,5,5,5,5,5,5,3,5,3,5,5,5,5,1,1,1,1,3,1,3,1,20,1,1,1,1,1,3,119,2,6,2,1,4,4,1,4,3,5,31,50,4.666666666666667,1.75,1,0,0,0,0,0,0, ,2,1,0.9643
2,2,1,4,3,2,5,5,3,2,5,5,3,5,1,5,5,5,5,1,3,1,1,1,1,1,3,29,3,3,3,3,11,6,70,3,4,6,1,4,4,1,2,3,5,20,55,4.666666666666667,1.25,1,0,1,0,0,0,0,2,2,1,0.9643
4,2,1,1,3,2,5,3,3,5,5,5,2,5,1,5,5,5,5,1,3,1,1,1,1,1,4,29,3,3,3,3,7,6,64,3,4,2,1,4,4,1,5,3,4,20,55,4.5,1.25,1,0,0,0,0,0,0, ,2,1,0.9643
1,3,3,22,3,1,5,5,5,5,5,5,3,5,2,5,5,5,5,2,3,1,2,4,2,3,1,32,1,1,3,3,7,3,48,2,5,5,1,5,1,1,4,4,2,19,50,4.666666666666667,2375,1,0,0,0,0,1,0, ,2,1,0.9643
1,3,3,2,3,2,5,5,5,5,5,5,5,5,1,5,5,5,5,1,4,1,1,1,2,3,1,36,1,1,3,3,10,7,58,1,6,2,1,2,4,1,2,4,1,26,50,5,1.75,1,0,0,0,0,1,0, ,2,1,0.9643
2,2,1,16,3,1,5,5,5,5,5,5,2,5,3,5,5,5,5,2,5,1,1,1,5,1,3,1,3,2,3,3,7,3,87,3,5,6,1,4,4,1,2,4,2,8,50,4.5,2375,1,0,1,0,0,1,0,2,2,1,0.9643
3,3,4,16,3,1,5,5,5,2,5,5,5,5,2,5,5,5,4,3,4,2,2,2,5,2,3,1,7,3,1,1,1,3,89,1,5,6,1,4,4,1,2,4,3,8,50,4.833333333333333,2.75,1,0,0,1,0,1,0,3,2,1,0.9643
4,2,1,4,3,2,5,5,5,5,5,5,5,5,1,5,5,5,5,1,3,1,1,1,1,1,14,30,4,5,3,3,8,7,1,3,5,4,5,2,2,4,1,4,2,2,50,5,1.25,1,0,0,0,0,1,0, ,2,1,0.9643
4,2,1,4,3,1,5,5,5,5,5,5,5,5,1,4,5,5,4,1,3,1,1,1,2,2,14,14,4,5,1,1,1,7,1,3,6,2,1,5,3,1,2,4,4,2,50,4.666666666666667,1.5,1,0,0,0,0,1,0, ,2,1,0.9643
4,2,1,2,3,1,5,5,5,5,5,5,5,5,1,4,5,5,4,1,3,1,1,1,1,1,4,34,1,1,1,1,1,7,1,3,5,2,1,4,2,3,2,4,2,16,50,4.666666666666667,1.25,1,0,0,0,0,1,0, ,2,1,0.9643
5,3,3,22,3,1,5,5,5,5,5,5,1,5,1,5,5,5,5,1,4,1,3,3,3,3,51,29,1,1,3,3,3,3,75,3,5,4,6,2,3,1,1,4,5,16,50,4.333333333333333,2375,1,1,0,0,0,1,0,1,2,1,0.9643
5,3,2,22,3,1,5,5,5,5,5,5,1,5,1,5,5,5,5,1,2,2,3,3,1,3,3,20,1,1,1,1,1,3,1,2,6,5,1,4,2,4,2,4,4,17,50,4.333333333333333,2,1,1,0,0,0,1,0,1,2,1,0.9643
5,3,3,22,3,1,5,5,5,5,5,5,5,5,1,5,5,5,5,1,4,2,3,3,1,3,3,32,1,1,2,2,1,3,1,2,6,6,1,4,3,1,4,4,4,17,50,5,2.25,1,1,0,0,0,1,0,1,2,1,0.9643
5,3,2,22,3,1,5,5,5,5,5,5,2,5,2,5,5,5,5,2,2,2,2,2,3,3,3,32,1,1,3,3,7,3,48,1,6,6,1,3,3,1,4,4,4,19,50,4.5,2.25,1,1,0,0,0,1,0,1,2,1,0.9643
5,3,3,22,3,1,5,5,5,5,5,5,2,5,2,2,5,2,2,2,3,2,2,2,2,2,40,29,1,1,3,3,7,3,74,3,6,4,2,5,3,1,4,4,1,19,50,3,2125,1,1,0,0,0,1,0,1,2,1,0.9643
5,3,3,2,3,2,5,5,5,5,5,5,5,5,1,5,5,5,5,1,3,1,1,1,1,1,1,36,1,1,3,3,10,7,68,2,6,4,4,2,2,2,4,4,4,26,50,5,1.25,1,1,0,0,0,1,0,1,2,1,0.9643
6,2,1,4,3,1,5,5,5,5,5,5,5,5,2,4,5,5,5,1,4,1,1,1,1,1,4,34,4,5,3,3,8,7,77,2,5,2,1,5,3,1,2,4,2,2,50,4.833333333333333,1.5,1,0,0,0,0,1,0, ,2,1,0.9643
2,3,5,1,3,2,5,5,5,5,5,5,2,5,2,5,5,5,5,2,2,1,1,1,2,3,15,29,1,1,3,3,8,3,48,1,2,2,1,4,4,1,2,4,3,25,55,4.5,1.75,1,0,1,0,0,1,0,2,2,1,0.9643
3,2,1,2,2,2,5,5,4,1,5,5,5,5,3,5,5,5,5,1,3,1,1,1,1,1,4,30,1,1,3,3,8,3,21,1,2,2,1,2,4,1,4,4,5,3,55,5,1.5,1,0,0,1,0,1,0,3,2,1,0.9643
3,2,1,1,3,2,5,5,5,5,5,5,3,5,2,5,5,5,5,1,3,1,1,1,1,1,7,30,1,1,3,3,8,3,25,1,2,2,1,4,4,1,2,4,5,20,55,4.666666666666667,1375,1,0,0,1,0,1,0,3,2,1,0.9643
3,3,5,1,3,2,5,5,5,5,5,5,3,5,2,4,5,5,5,1,2,1,3,3,2,3,1,29,1,1,3,3,7,3,64,3,5,6,1,4,3,1,4,4,2,25,55,4.5,2125,1,0,0,1,0,1,0,3,2,1,0.9643
6,2,1,1,3,2,5,5,5,5,5,5,1,5,2,5,5,5,5,2,4,1,3,3,3,3,10,17,1,1,3,3,7,7,1,1,6,2,1,2,4,1,4,4,5,22,55,4.333333333333333,2625,1,0,0,0,0,1,0, ,2,1,0.9643
6,2,1,1,3,2,5,5,5,5,5,5,1,5,3,4,5,5,4,2,5,1,3,3,3,3,50,29,1,1,3,3,8,3,1,3,6,5,1,4,2,4,3,4,4,22,55,4,2875,1,0,0,0,0,1,0, ,2,1,0.9643
6,3,5,1,3,2,5,5,5,3,5,5,2,5,2,5,2,5,5,3,4,1,3,3,3,3,43,29,1,1,1,1,1,6,1,2,5,4,6,4,2,4,2,4,2,22,55,4,2.75,1,0,0,0,0,1,0, ,2,1,0.9643
2,2,1,5,1,3,5,5,5,5,5,5,1,5,1,4,5,5,4,3,3,3,3,3,3,3,50,10,4,5,2,2,1,7,1,2,5,6,1,7,1,1,5,1,2,13,40,4,2.75,1,0,1,0,0,0,1,2,0,2,1.2758
2,2,1,4,3,1,5,5,5,5,5,5,5,5,1,5,5,5,5,1,5,1,3,3,1,3,1,5,1,1,2,2,1,3,1,3,2,4,2,4,2,4,2,1,4,24,40,5,2.25,1,0,1,0,0,0,1,2,0,2,1.2758
2,2,1,4,3,1,5,5,5,5,5,5,5,5,1,5,5,5,5,1,5,1,3,3,1,3,6,29,1,1,3,3,8,3,1,2,2,5,1,3,2,4,2,1,1,24,40,5,2.25,1,0,1,0,0,0,1,2,0,2,1.2758
2,2,1,17,3,1,5,5,5,5,5,5,5,5,1,5,5,5,5,1,5,1,2,3,1,3,3,30,1,1,1,1,1,3,1,2,2,4,2,4,2,5,2,1,5,24,40,5,2125,1,0,1,0,0,0,1,2,0,2,1.2758
2,2,1,4,3,1,5,5,5,5,5,5,1,5,2,4,5,5,3,1,2,1,3,2,2,2,51,29,1,1,1,1,1,3,64,2,6,4,6,2,4,1,2,1,2,30,40,3.8333333333333335,1875,1,0,1,0,0,0,1,2,0,2,1.2758
2,2,1,4,3,3,5,5,5,5,5,5,1,5,1,4,5,5,5,1,4,1,3,3,3,3,3,32,1,1,1,1,1,3,28,1,4,1,1,2,4,1,1,1,4,30,40,4.166666666666667,2375,1,0,1,0,0,0,1,2,0,2,1.2758
2,2,1,6,3,3,5,5,5,5,5,5,1,5,1,5,5,5,5,1,4,2,4,4,1,4,24,12,4,5,2,2,1,3,1,2,6,3,1,3,1,1,2,1,4,30,40,4.333333333333333,2625,1,0,1,0,0,0,1,2,0,2,1.2758
2,2,1,4,2,1,5,5,5,5,5,5,5,5,1,5,5,5,5,1,1,1,1,1,1,1,4,15,4,5,1,1,1,2,88,3,4,6,1,6,3,1,2,1,3,36,40,5,1,1,0,1,0,0,0,1,2,0,2,1.2758
3,1,2,22,3,1,5,5,5,5,5,5,5,5,1,5,5,5,5,1,5,2,3,4,2,4,6,29,1,1,3,3,5,7,1,3,2,5,1,4,2,4,2,1,5,24,40,5,2.75,1,0,0,1,0,0,1,3,0,2,1.2758
3,2,1,9,2,1,5,5,5,5,5,5,5,5,2,5,5,5,5,2,2,2,2,2,2,2,4,35,2,3,1,1,1,3,27,2,2,3,1,5,2,5,2,1,5,36,40,5,2,1,0,0,1,0,0,1,3,0,2,1.2758
4,2,1,16,1,3,5,5,5,5,5,5,1,5,2,2,2,2,2,2,3,3,3,3,5,3,37,1,1,1,2,2,1,7,1,1,6,6,1,3,1,1,5,1,4,34,40,2.3333333333333335,3,2,0,0,0,0,0,1, ,0,2,1.2758
4,2,1,4,3,1,5,5,5,5,5,5,2,5,1,3,4,5,4,1,3,1,1,1,1,1,14,35,4,5,3,3,8,7,1,3,3,1,1,2,1,1,4,1,2,13,40,3.8333333333333335,1.25,1,0,0,0,0,0,1, ,0,2,1.2758
4,2,1,20,1,2,5,5,5,5,5,5,1,5,1,5,5,5,5,3,3,3,3,3,3,3,37,10,4,5,2,2,1,7,1,2,5,6,1,5,3,1,2,1,5,13,40,4.333333333333333,2.75,1,0,0,0,0,0,1, ,0,2,1.2758
4,2,1,20,1,2,5,5,5,5,5,5,5,5,1,5,5,5,5,1,3,3,3,2,2,2,37,32,1,1,3,3,4,3,1,2,2,5,1,2,3,1,2,1,2,13,40,5,2125,1,0,0,0,0,0,1, ,0,2,1.2758
4,2,1,20,3,1,5,5,5,5,5,5,5,5,1,5,5,5,5,1,5,1,2,3,3,3,3,32,1,1,3,3,8,3,1,2,2,4,2,4,2,5,4,1,5,24,40,5,2375,1,0,0,0,0,0,1, ,0,2,1.2758
4,2,1,20,3,1,5,5,5,5,5,5,5,5,1,5,5,5,5,2,5,2,2,3,1,3,40,32,1,1,3,3,4,3,1,3,6,5,1,3,1,1,2,1,5,24,40,5,2375,1,0,0,0,0,0,1, ,0,2,1.2758
4,2,1,5,3,1,5,5,5,5,5,5,5,5,1,5,5,5,5,1,5,1,1,3,1,3,6,21,1,1,2,2,1,3,1,2,6,4,6,4,3,1,2,1,5,24,40,5,2,1,0,0,0,0,0,1, ,0,2,1.2758
4,2,1,4,3,1,5,5,5,5,5,5,5,5,1,5,5,5,5,1,5,1,1,3,1,3,40,6,1,1,1,1,1,3,1,3,6,5,1,4,2,4,2,1,5,24,40,5,2,1,0,0,0,0,0,1, ,0,2,1.2758
4,2,1,4,3,1,5,5,5,5,5,5,1,5,1,5,5,5,5,1,5,1,3,3,1,3,3,29,1,1,3,3,8,3,1,1,2,4,4,4,2,4,2,1,5,24,40,4.333333333333333,2.25,1,0,0,0,0,0,1, ,0,2,1.2758
4,2,1,17,3,1,5,5,5,5,5,5,5,5,1,5,5,5,5,1,5,1,3,3,2,3,3,29,1,1,1,1,1,3,1,3,2,4,4,4,2,4,2,1,5,24,40,5,2375,1,0,0,0,0,0,1, ,0,2,1.2758
4,3,5,4,3,1,5,5,5,5,5,5,5,5,2,5,5,5,5,2,5,1,2,3,1,3,3,29,1,1,1,1,1,3,1,2,2,5,1,4,2,4,2,1,5,24,40,5,2375,1,0,0,0,0,0,1, ,0,2,1.2758
4,2,1,17,1,3,5,5,5,5,5,5,1,5,1,3,4,4,4,3,4,3,3,3,5,3,3,3,4,5,2,2,1,7,1,1,3,2,1,4,4,1,2,1,5,34,40,3.5,3125,1,0,0,0,0,0,1, ,0,2,1.2758
4,2,1,17,1,3,5,5,5,5,5,5,1,5,2,4,4,4,4,3,3,3,3,3,5,3,37,1,1,1,2,2,1,7,1,2,2,5,1,3,3,1,4,1,4,34,40,3.6666666666666665,3125,1,0,0,0,0,0,1, ,0,2,1.2758
4,2,1,16,1,3,5,5,5,5,5,5,5,5,3,3,3,3,3,3,3,3,3,3,5,3,3,1,1,1,2,2,1,7,1,2,2,5,1,3,3,1,2,1,4,34,40,3.6666666666666665,3.25,1,0,0,0,0,0,1, ,0,2,1.2758
5,3,2,22,1,1,5,5,5,5,5,5,5,5,1,5,5,5,5,2,4,1,1,1,1,1,37,32,1,1,3,3,4,7,1,3,2,3,1,2,2,2,2,1,4,11,40,5,1.5,1,1,0,0,0,0,1,1,0,2,1.2758
5,3,2,22,1,1,5,5,5,5,5,5,5,5,1,5,5,5,5,1,5,1,1,3,1,3,6,34,1,1,3,3,12,7,1,2,6,5,1,2,2,5,2,1,5,11,40,5,2,1,1,0,0,0,0,1,1,0,2,1.2758
5,3,2,22,1,1,5,5,5,5,5,5,5,5,1,5,5,5,5,1,5,1,1,3,1,3,2,29,1,1,3,3,10,4,1,3,2,5,1,3,2,5,2,1,4,11,40,5,2,1,1,0,0,0,0,1,1,0,2,1.2758
5,3,5,22,1,1,5,5,5,5,5,5,5,5,1,3,4,4,4,1,3,1,1,1,1,1,15,34,1,1,3,3,2,3,1,2,2,4,5,2,2,2,2,1,4,11,40,4.166666666666667,1.25,1,1,0,0,0,0,1,1,0,2,1.2758
5,3,2,22,1,1,5,5,5,5,5,5,5,5,2,4,5,5,5,1,1,1,1,1,1,1,37,32,1,1,3,3,4,7,1,1,6,6,1,2,4,1,2,1,5,13,40,4.833333333333333,1125,1,1,0,0,0,0,1,1,0,2,1.2758
5,3,4,2,1,2,5,5,5,5,5,5,5,5,2,5,5,5,5,1,3,1,1,1,1,1,37,32,1,1,3,3,4,7,1,1,3,2,1,5,4,1,2,1,2,13,40,5,1375,1,1,0,0,0,0,1,1,0,2,1.2758
5,3,5,20,1,2,5,5,5,5,5,5,5,5,1,5,5,5,5,1,3,1,1,1,1,1,37,29,1,1,1,1,1,6,1,2,5,4,5,5,1,1,2,1,4,13,40,5,1.25,1,1,0,0,0,0,1,1,0,2,1.2758
5,2,1,4,3,1,5,5,5,5,5,5,5,5,1,5,5,5,5,1,5,1,3,3,1,3,3,32,1,1,1,1,1,3,1,3,2,3,1,4,2,5,2,1,5,24,40,5,2.25,1,1,0,0,0,0,1,1,0,2,1.2758
6,2,1,4,1,3,5,5,5,5,5,5,1,5,3,4,4,4,4,3,4,3,3,3,5,3,3,11,1,1,2,2,1,7,1,2,2,4,2,4,2,5,2,1,1,34,40,3.6666666666666665,3375,1,0,0,0,0,0,1, ,0,2,1.2758
2,2,1,16,3,1,5,5,5,5,5,5,5,5,1,5,5,5,5,1,5,1,1,5,1,5,3,29,1,1,1,1,1,3,1,2,2,4,5,3,2,5,2,2,1,24,40,5,2.5,1,0,1,0,1,0,0,2,0,2,1.2758
2,2,1,4,3,1,5,5,5,5,5,5,5,5,5,5,5,5,5,2,5,4,2,3,2,4,6,29,1,1,3,3,12,3,1,3,2,3,1,4,2,5,2,2,5,24,40,5,3375,1,0,1,0,1,0,0,2,0,2,1.2758
2,2,1,4,3,3,5,5,5,5,5,5,1,5,1,4,5,2,5,1,3,3,3,3,1,3,3,32,1,1,1,1,1,3,64,2,5,6,1,2,3,1,3,2,1,30,40,3.6666666666666665,2.25,1,0,1,0,1,0,0,2,0,2,1.2758
2,2,1,6,3,3,5,5,5,5,5,5,1,5,1,4,5,5,5,1,3,2,4,4,1,4,3,32,4,5,2,2,1,3,1,3,5,6,1,2,3,1,2,2,4,30,40,4.166666666666667,2.5,1,0,1,0,1,0,0,2,0,2,1.2758
4,2,1,4,3,1,5,5,5,5,5,5,5,5,5,5,5,5,5,5,5,5,5,5,5,5,23,32,1,1,3,3,8,3,1,1,2,2,1,4,4,1,2,2,1,24,40,5,5, ,0,0,0,1,0,0, ,0,2,1.2758
4,2,1,4,3,1,5,5,5,5,5,5,5,5,1,5,5,5,5,1,3,3,2,2,2,2,14,34,4,5,3,3,10,7,71,3,6,3,1,3,3,1,2,2,2,13,40,5,2,1,0,0,0,1,0,0, ,0,2,1.2758
5,3,2,22,1,1,5,5,5,5,5,5,5,5,1,5,5,5,5,1,4,1,3,3,1,3,23,29,1,1,3,3,8,7,1,2,2,5,1,2,2,4,4,2,5,11,40,5,2125,1,1,0,0,1,0,0,1,0,2,1.2758
5,3,2,22,1,1,5,5,5,5,5,5,5,5,5,5,5,5,5,1,5,1,1,1,1,3,3,29,1,1,3,3,8,3,1,2,2,5,1,2,2,4,1,2,4,11,40,5,2.25,1,1,0,0,1,0,0,1,0,2,1.2758
5,3,2,22,1,1,5,5,5,5,5,5,5,5,1,5,5,5,5,1,1,1,2,3,1,3,3,29,1,1,3,3,2,7,1,2,2,5,1,2,2,4,2,2,4,11,40,5,1625,1,1,0,0,1,0,0,1,0,2,1.2758
5,3,2,22,1,1,5,5,5,5,5,5,5,5,1,5,5,5,5,1,5,1,2,3,1,3,3,29,1,1,3,3,2,7,1,2,2,5,1,4,3,1,1,2,1,11,40,5,2125,1,1,0,0,1,0,0,1,0,2,1.2758
5,3,2,22,1,1,5,5,5,5,5,5,5,5,1,5,5,5,5,1,5,2,2,3,2,4,2,25,3,3,3,3,2,7,1,3,2,3,1,2,2,4,4,2,4,11,40,5,2.5,1,1,0,0,1,0,0,1,0,2,1.2758
5,3,2,22,1,1,5,5,5,5,5,5,5,5,1,5,5,5,5,1,5,2,2,3,1,3,3,29,1,1,3,3,2,7,1,3,2,3,1,2,2,5,1,2,4,11,40,5,2.25,1,1,0,0,1,0,0,1,0,2,1.2758
5,3,2,22,1,1, ,5,5,5,5,5,5,5,1,5,5,5,5,1,5,2,2,3,1,3,3,29,1,2,3,3,2,7,1,3,2,3,1,2,2,4,1,2,4,11,40,5,2.25,1,1,0,0,1,0,0,1,0,2,1.2758
5,3,3,22,1,1,5,5,5,5,5,5,5,5,1,5,5,5,5,1,5,1,1,3,1,3,3,29,1,1,3,3,3,3,1,3,2,3,1,5,2,4,1,2,1,11,40,5,2,1,1,0,0,1,0,0,1,0,2,1.2758
5,3,3,22,1,1,5,5,5,5,5,5,5,5,1,5,5,5,5,1,4,1,3,3,2,3,22,26,4,6,3,3,2,7,1,3,2,6,1,2,2,4,1,2,4,11,40,5,2.25,1,1,0,0,1,0,0,1,0,2,1.2758
5,3,5,22,1,1,5,5,5,5,5,5,5,5,1,5,5,5,5,1,2,1,1,1,1,1,4,34,1,1,3,3,2,7,1,3,3,6,1,3,4,1,1,2,5,11,40,5,1125,1,1,0,0,1,0,0,1,0,2,1.2758
5,3,2,22,3,1,5,5,5,5,5,5,1,5,1,5,5,5,5,1,3,3,3,3,1,3,51,32,1,1,2,2,1,3,110,3,5,4,4,4,3,1,2,2,2,30,40,4.333333333333333,2.25,1,1,0,0,1,0,0,1,0,2,1.2758
5,3,3,22,3,1,5,5,5,5,5,5,1,5,2,5,5,5,5,1,4,3,3,3,1,3,51,32,1,1,1,1,1,3,42,2,5,6,1,2,1,1,3,2,3,30,40,4.333333333333333,2.5,1,1,0,0,1,0,0,1,0,2,1.2758
6,2,1,4,3,1,5,5,5,3,5,5,1,5,1,5,5,5,5,3,4,3,3,3,5,3,40,3,4,5,1,1,1,6,1,3,6,2,1,4,3,1,2,2,4,34,40,4.333333333333333,3125,1,0,0,0,1,0,0, ,0,2,1.2758
6,2,1,19,3,1,5,5,5,5,5,5,5,5,2,5,5,5,5,1,1,1,1,1,1,1,18,34,1,1,1,1,1,3,39,1,5,6,1,5,2,3,5,2,1,36,40,5,1125,1,0,0,0,1,0,0, ,0,2,1.2758
2,2,1,4,2,1,5,5,5,5,5,5,5,5,5,5,5,5,5,2,2,2,2,2,3,3,7,35,7,9,1,1,1,3,92,2,2,4,6,5,2,4,2,3,4,36,40,5,2625,1,0,1,0,0,0,0,2,0,2,1.2758
5,3,2,22,2,1,5,5,5,5,5,5,5,5,5,5,5,5,5,5,5,3,3,5,3,3,4,34,1,3,1,1,1,3,38,3,6,1,1,3,3,1,4,3,3,36,40,5,4,1,1,0,0,0,0,0,1,0,2,1.2758
6,2,1,16,3,1,5,5,3,3,5,5,1,4,2,4,4,4,4,4,4,3,3,3,5,3,43,3,1,1,3,3,11,7,1,1,2,2,1,2,4,1,3,3,3,34,40,3.5,3375,1,0,0,0,0,0,0, ,0,2,1.2758
2,2,1,6,3,1,5,5,5,5,5,5,1,5,1,5,5,5,5,2,4,3,3,3,3,3,3,32,1,1,1,1,1,3,103,1,6,6,1,2,4,1,1,4,4,30,40,4.333333333333333,2.75,1,0,1,0,0,1,0,2,0,2,1.2758
2,2,1,4,3,3,5,5,5,5,5,5,1,5,1,4,5,5,5,1,4,2,3,3,1,3,40,20,1,1,2,2,1,3,48,3,6,6,1,2,3,1,2,4,2,30,40,4.166666666666667,2.25,1,0,1,0,0,1,0,2,0,2,1.2758
2,2,1,8,2,1,5,5,5,5,5,5,5,5,5,5,5,5,5,1,2,2,1,2,3,2,7,35,1,3,1,1,1,3,20,3,1,5,1,6,1,1,3,4,1,36,40,5,2.25,1,0,1,0,0,1,0,2,0,2,1.2758
3,3,3,20,3,1,5,5,5,5,5,5,2,5,2,5,5,5,5,2,2,2,2,2,2,3,4,29,1,1,3,3,7,7,110,3,6,3,1,5,1,1,4,4,2,33,40,4.5,2125,1,0,0,1,0,1,0,3,0,2,1.2758
3,3,4,24,3,1,5,5,5,5,5,5,3,5,1,5,5,5,5,1,3,3,3,3,3,3,4,29,1,1,3,3,7,3,111,3,5,4,3,5,2,2,4,4,4,33,40,4.666666666666667,2.5,1,0,0,1,0,1,0,3,0,2,1.2758
3,2,1,9,2,1,5,5,5,5,5,5,5,5,2,5,5,5,5,1, ,1,1,1,1,1,18,26,1,1,3,3,3,3,80,3,6,2,1,2,3,1,4,4,2,36,40,5,1.1428571428571428,1,0,0,1,0,1,0,3,0,2,1.2758
4,2,1,4,3,2,5,5,5,5,5,5,5,5,1,4,5,5,3,1,1,1,1,1,1,1,1,2,4,5,2,2,1,7,1,2,6,4,5,7,2,4,4,4,4,13,40,4.5,1,1,0,0,0,0,1,0, ,0,2,1.2758
4,2,1,4,3,1,5,5,5,5,5,5,5,5,1,5,5,5,5,1,5,1,3,3,1,3,1,32,1,1,2,2,1,3,1,2,6,5,1,4,2,4,2,4,5,24,40,5,2.25,1,0,0,0,0,1,0, ,0,2,1.2758
4,3,2,9,3,1,5,5,5,5,5,5,3,5,2,4,5,5,5,1,2,2,2,2,2,2,3,2,1,1,3,3,7,3,48,3,6,4,6,5,3,1,4,4,1,33,40,4.5,1875,1,0,0,0,0,1,0, ,0,2,1.2758
5,3,2,22,1,1,5,5,5,5,5,5,5,5,1,5,5,5,5,2,4,1,1,3,1,3,19,29,1,1,3,3,8,7,1,3,2,3,1,4,2,4,4,4,4,11,40,5,2,1,1,0,0,0,1,0,1,0,2,1.2758
5,3,2,22,1,1,5,5,5,5,5,5,5,5,2,5,5,5,5,1,4,1,1,2,1,3,3,29,1,1,3,3,8,3,1,3,2,3,1,2,2,5,4,4,2,11,40,5,1875,1,1,0,0,0,1,0,1,0,2,1.2758
5,3,3,22,1,1,5,5,5,5,5,5,4,5,3,4,5,3,4,1,3,1,1,1,2,2,24,14,3,3,1,1,1,3,1,2,6,2,1,3,2,5,4,4,1,11,40,4.166666666666667,1.75,1,1,0,0,0,1,0,1,0,2,1.2758
5,3,3,22,1,1,5,5,5,5,5,5,5,5,1,3,4,4,4,1,3,1,1,1,1,1,7,34,1,1,3,3,2,7,1,3,2,2,1,2,2,2,4,4,5,11,40,4.166666666666667,1.25,1,1,0,0,0,1,0,1,0,2,1.2758
5,3,4,22,1,1,5,5,5,5,5,5,5,5,1,3,4,4,4,1,3,1,1,1,1,1,4,34,5,7,3,3,2,7,1,2,5,4,4,5,2,2,2,4,2,11,40,4.166666666666667,1.25,1,1,0,0,0,1,0,1,0,2,1.2758
5,3,3,22,3,1,5,5,5,5,5,5,5,5,2,5,5,5,5,2,5,2,4,4,2,4,6,32,3,1,1,1,1,7,1,3,2,4,6,4,2,4,2,4,5,24,40,5,3125,1,1,0,0,0,1,0,1,0,2,1.2758
5,3,3,22,3,1,5,5,5,5,5,5,1,5,1,5,5,5,5,1,4,2,2,2,1,3,51,32,1,1,1,1,1,3,74,2,5,4,5,4,3,1,1,4,2,30,40,4.333333333333333,2,1,1,0,0,0,1,0,1,0,2,1.2758
4,2,1,22,1,2,5,5,5,5,5,5,5,5,2,4,5,5,4,1,3,1,1,1,1,1,3,32,1,1,2,2,1,7,6,3,2,6,1,2,3,1,2,1,4,1, ,4.666666666666667,1375,1,0,0,0,0,0,1, ,1,2,0.9096
4,2,1,4,1,3,5,5,5,5,5,5,1,5,3,3,5,4,5,3,3,5,5,5,3,5,15,10,4,5,1,1,1,3,1,2,5,2,1,6,2,5,2,1,5,5,15,3.8333333333333335,4,2,0,0,0,0,0,1, ,1,2,0.9096
4,2,1,4,3,3,5,5,5,5,5,5,1,5,1,3,5,5,4,3,3,5,5,5,3,5,14,10,4,5,2,2,1,7,1,3,2,3,1,6,2,4,2,1,4,5,15,3.8333333333333335,3.75,1,0,0,0,0,0,1, ,1,2,0.9096
4,2,1,4,3,3,5,5,5,5,5,5,1,5,1,3,5,4,4,3,3,5,5,5,2,4,15,10,1,1,1,1,1,3,1,1,5,6,1,6,4,1,4,1,1,5,15,3.6666666666666665,3.5,1,0,0,0,0,0,1, ,1,2,0.9096
6,2,1,4,3,3,5,5,5,5,5,5,1,5,1,3,5,5,3,5,5,5,5,5,3,5,15,10,4,5,2,2,1,3,1,3,4,2,1,6,3,1,4,1,2,5,15,3.6666666666666665,4.25,2,0,0,0,0,0,1, ,1,2,0.9096
6,2,1,4,2,3,5,5,5,5,5,5,3,5,4,4,5,5,5,5,5,5,5,5,5,5,2,2,1,1,3,3,8,3,31,2,4,2,1,6,4,1,2,1,2,27,15,4.5,4875,2,0,0,0,0,0,1, ,1,2,0.9096
2,2,1,4,1,3,5,5,5,5,5,5,1,5,1,4,5,5,4,3,3,3,3,3,3,3,36,10,4,5,2,2,1,7,33,1,3,2,1,6,4,1,5,1,2,7,25,4,2.75,1,0,1,0,0,0,1,2,1,2,0.9096
2,2,1,8,1,3,5,5,5,5,5,5,1,5,1,4,5,4,4,3,3,3,3,3,3,3,45,2,1,1,2,2,1,7,1,3,5,6,1,6,3,1,5,1,2,7,25,3.8333333333333335,2.75,1,0,1,0,0,0,1,2,1,2,0.9096
2,2,1,4,1,3,5,5,5,5,5,5,4,5,2,4,5,5,5,3,3,3,3,3,3,3,45,10,4,5,2,2,1,7,1,2,5,6,1,3,1,1,5,1,2,7,25,4.666666666666667,2875,1,0,1,0,0,0,1,2,1,2,0.9096
2,2,1,4,1,3,5,5,5,5,5,5,3,5,2,4,5,5,5,2,3,3,3,3,3,3,45,2,4,5,2,2,1,7,1,3,5,5,1,7,3,1,2,1,5,7,25,4.5,2.75,1,0,1,0,0,0,1,2,1,2,0.9096
2,2,1,5,1,3,5,5,5,5,5,5,1,5,2,4,5,5,4,3,3,3,3,3,3,3,36,2,4,5,2,2,1,7,1,2,5,5,1,7,3,1,5,1,1,7,25,4,2875,1,0,1,0,0,0,1,2,1,2,0.9096
2,2,1,20,3,3,5,5,5,5,5,5,2,5,2,4,5,4,4,3,4,3,3,3,4,3,37,3,4,5,2,2,1,3,1,1,3,1,1,4,4,1,5,1,1,21,25,4,3125,1,0,1,0,0,0,1,2,1,2,0.9096
2,2,1,4,3,3,5,5,5,5,5,5,2,5,3,4,5,5,4,2,4,3,3,3,3,3,3,3,1,1,2,2,1,3,1,2,6,6,1,5,2,4,5,1,5,21,25,4.166666666666667,3,1,0,1,0,0,0,1,2,1,2,0.9096
2,2,1,17,3,3,5,5,5,5,5,5,2,5,2,5,5,5,5,2,3,3,3,3,3,3,3,3,4,5,2,2,1,3,1,2,4,5,1,5,4,1,1,1,5,21,25,4.5,2.75,1,0,1,0,0,0,1,2,1,2,0.9096
2,2,1,4,3,3,5,5,5,5,5,5,2,5,2,4,5,5,5,2,3,3,3,3,3,3,3,3,4,5,2,2,1,3,1,2,4,6,1,3,2,5,1,1,1,21,25,4.333333333333333,2.75,1,0,1,0,0,0,1,2,1,2,0.9096
3,2,1,9,1,3,5,5,5,5,5,5,2,5,2,5,5,5,4,2,4,3,3,3,3,4,22,10,4,5,1,1,1,3,1,3,5,6,1,3,2,5,4,1,4,29,25,4.333333333333333,3,1,0,0,1,0,0,1,3,1,2,0.9096
3,2,1,9,1,3,5,5,5,5,5,5,1,5,2,4,5,5,5,2,4,4,4,4,2,4,22,10,4,5,3,3,3,3,1,3,5,4,4,3,2,4,5,1,4,29,25,4.166666666666667,3.25,1,0,0,1,0,0,1,3,1,2,0.9096
3,2,1,9,1,3,5,5,5,5,5,5,1,5,1,5,5,5,5,1,2,3,3,3,2,4,30,10,4,5,3,3,4,7,1,3,5,3,1,7,2,4,5,1,4,29,25,4.333333333333333,2375,1,0,0,1,0,0,1,3,1,2,0.9096
3,2,1,9,1,3,5,5,5,5,5,5,1,5,1,5,5,5,5,1,2,4,4,4,1,4,28,9,4,5,3,3,2,7,1,3,5,5,1,7,2,3,4,1,4,29,25,4.333333333333333,2625,1,0,0,1,0,0,1,3,1,2,0.9096
3,2,1,13,1,3,5,5,5,5,5,5,1,5,1,5,5,5,5,1,5,4,4,4,2,4,21,13,4,5,1,1,1,3,1,3,4,2,1,5,4,1,4,1,4,29,25,4.333333333333333,3125,1,0,0,1,0,0,1,3,1,2,0.9096
3,2,1,9,1,3,5,5,5,5,5,5,1,5,1,5,5,5,5,1,5,4,4,4,2,4,22,10,6,8,1,1,1,3,1,3,4,5,1,5,2,3,4,1,4,29,25,4.333333333333333,3125,1,0,0,1,0,0,1,3,1,2,0.9096
3,2,1,9,1,3,5,5,5,5,5,5,1,5,1,5,5,5,5,2,5,5,5,5,5,5,27,10,4,5,1,1,1,3,1,3,6,3,1,5,2,3,1,1,5,29,25,4.333333333333333,4125,1,0,0,1,0,0,1,3,1,2,0.9096
3,2,1,9,1,3,5,5,5,5,5,5,1,5,1,5,5,5, ,2,5,5,5,5,3,5,22,10,4,5,1,1,1,3,1,3,2,4,3,5,2,3,5,1,4,29,25,4.2,3875,1,0,0,1,0,0,1,3,1,2,0.9096
3,2,1,9,1,3,5,5,5,5,5,5,1,5,1,5,5,5,5,2,5,4,4,4,2,5,25,10,6,8,3,3,2,3,1,3,2,3,1,5,2,3,4,1,4,29,25,4.333333333333333,3375,1,0,0,1,0,0,1,3,1,2,0.9096
3,2,1,9,1,3,5,5,5,5,5,5,1,5,1,5,5,5,5,1,5,5,4,5,3,5,22,10,6,8,3,3,3,3,1,3,5,5,1,5,2,3,1,1,4,29,25,4.333333333333333,3625,1,0,0,1,0,0,1,3,1,2,0.9096
4,2,1,4,1,3,5,5,5,5,5,5,3,5,2,3,4,5,4,3,3,3,3,3,3,3,35,10,1,1,2,2,1,3,12,3,2,3,1,6,2,5,2,1,5,7,25,4,2875,1,0,0,0,0,0,1, ,1,2,0.9096
6,2,1,4,1,3,5,5,3,5,5,5,1,5,3,4,5,5,4,3,3,3,3,3,3,3,3,10,1,1,2,2,1,7,1,2,3,6,1,3,1,1,5,1,4,29,25,4,3,1,0,0,0,0,0,1, ,1,2,0.9096
2,2,1,4,2,1,5,5,5,4,5,5,3,5,1,4,5,5,5,2,2,2,2,2,2,2,14,34,4,5,2,2,1,7,1,3,5,5,1,3,4,1,1,1,5,23,30,4.5,1875,1,0,1,0,0,0,1,2,1,2,0.9096
4,2,1,17,1,3,5,5,5,5,5,5,1,5,2,4,5,5,4,3,3,3,3,3,3,3,36,33,1,1,2,2,1,7,1,3,2,6,1,2,4,1,2,1,2,15,30,4,2875,1,0,0,0,0,0,1, ,1,2,0.9096
6,2,1,4,3,1,5,5,5,5,5,5,2,5,2,4,5,3,4,3,4,3,3,3,3,3,3,30,4,5,3,3,10,7,1,3,4,5,1,3,4,1,4,1,2,15,30,3.8333333333333335,3,1,0,0,0,0,0,1, ,1,2,0.9096
6,2,1,20,1,3,5,5,5,5,5,5,1,5,1,4,5,4,5,3,3,3,3,3,3,3,6,3,1,1,2,2,1,7,1,3,2,4,2,5,3,1,5,1,2,15,30,4,2.75,1,0,0,0,0,0,1, ,1,2,0.9096
6,2,1,17,1,3,5,5,5,5,5,5,1,5,1,4,5,5,4,3,3,3,3,3,3,3,40,10,1,1,2,2,1,7,1,3,2,6,1,4,4,1,2,1,2,15,30,4,2.75,1,0,0,0,0,0,1, ,1,2,0.9096
2,2,1,4,3,3,5,5,5,5,5,5,2,5,3,5,5,5,5,5,5,5,5,5,5,5,6,35,4,7,1,1,1,3,4,2,5,2,1,6,4,1,5,2,2,4,15,4.5,4.75,2,0,1,0,1,0,0,2,1,2,0.9096
4,2,1,4,3,3,5,5,5,5,5,5,1,5,3,3,5,5,4,3,4,5,5,5,3,5,21,8,4,5,2,2,1,7,1,2,5,2,1,6,3,1,4,2,3,5,15,3.8333333333333335,4125,2,0,0,0,1,0,0, ,1,2,0.9096
4,2,1,4,3,3,5,5,5,5,5,5,5,5,5,5,5,5,5,4,4,5,5,5,3,5,14,34,4,5,1,1,1,3,3,3,5,5,1,6,3,1,4,2,2,5,15,5,4.5,1,0,0,0,1,0,0, ,1,2,0.9096
4,2,1,4,3,3,5,5,5,5,5,5,1,5,1,3,4,5,3,1,3,2,2,3,1,3,14,34,4,5,1,1,1,1,53,2,5,6,1,6,3,1,5,2,4,5,15,3.5,2,1,0,0,0,1,0,0, ,1,2,0.9096
4,2,1,6,3,3,5,5,5,5,5,5,1,5,1,4,5,5,4,3,3,5,5,5,3,5,4,35,4,5,1,1,1,7,1,3,2,3,1,5,2,4,4,2,1,5,15,4,3.75,1,0,0,0,1,0,0, ,1,2,0.9096
2,2,1,4,3,3,5,5,5,5,5,5,2,5,3,5,5,5,5,2,4,3,3,3,3,3,3,3,1,1,2,2,1,3,1,2,6,5,1,7,3,1,5,2,2,21,25,4.5,3,1,0,1,0,1,0,0,2,1,2,0.9096
2,2,1,16,3,3,5,5,5,5,5,5,3,5,3,5,5,5,5,3,3,3,3,3,3,3,3,3,1,1,2,2,1,3,1,2,2,5,1,3,1,1,1,2,1,21,25,4.666666666666667,3,1,0,1,0,1,0,0,2,1,2,0.9096
2,2,1,4,3,3,5,5,5,5,5,5,3,5,3,5,5,5,4,2,3,3,3,3,3,3,37,3,1,1,2,2,1,3,1,3,3,6,1,3,3,1,1,2,2,21,25,4.5,2875,1,0,1,0,1,0,0,2,1,2,0.9096
3,2,1,9,1,3,5,5,5,5,5,5,1,5,2,5,5,5,5,1,4,3,3,4,2,4,22,10,4,5,1,1,1,3,1,1,4,2,1,6,4,1,5,2,5,29,25,4.333333333333333,2875,1,0,0,1,1,0,0,3,1,2,0.9096
3,2,1,9,1,3,5,5,5,5,5,5,1,5,2,5,5,5,5,2,4,4,4,4,2,4,22,10,4,5,3,3,2,3,1,3,3,1,1,7,3,1,4,2,4,29,25,4.333333333333333,3.25,1,0,0,1,1,0,0,3,1,2,0.9096
3,2,1,9,1,3,5,5,5,5,5,5,1,5,1,5,5,5,5,1,5,5,5,5,3,5,28,10,4,5,1,1,1,3,1,3,6,6,1,5,2,3,3,2,4,29,25,4.333333333333333,3.75,1,0,0,1,1,0,0,3,1,2,0.9096
3,2,1,9,1,3,5,5,5,5,5,5,1,5,1,5,5,5,5,1,5,5,5,5,3,5,22,10,4,5,1,1,1,3,1,3,5,4,6,6,2,3,4,2,4,29,25,4.333333333333333,3.75,1,0,0,1,1,0,0,3,1,2,0.9096
4,2,1,4,3,3,5,5,5,5,5,5,1,5,1,3,4,5,3,1,3,3,3,3,2,4,14,8,4,5,1,1,1,7,1,3,5,2,1,6,3,1,4,2,5,7,25,3.5,2.5,1,0,0,0,1,0,0, ,1,2,0.9096
4,2,1,14,3,3,5,5,5,5,5,5,1,5,1,4,5,5,4,1,3,3,3,3,1,3,14,8,4,5,2,2,1,3,1,3,4,2,1,6,3,1,5,2,2,7,25,4,2.25,1,0,0,0,1,0,0, ,1,2,0.9096
6,2,1,11,2,3,5,5,5,5,5,5,3,5,3,3,5,4,5,5,5,5,5,5,5,5,6,31,1,1,1,1,1,3,32,3,5,4,4,4,2,3,4,2,4,35,25,4.166666666666667,4.75,2,0,0,0,1,0,0, ,1,2,0.9096
6,2,1,20,3,3,5,5,5,5,5,5,1,5,1,4,5,5,4,1,4,3,3,3,2,4,8,27,4,5,3,3,8,7,51,3,5,4,6,6,4,1,4,2,4,7,25,4,2625,1,0,0,0,1,0,0, ,1,2,0.9096
6,2,1,9,3,3,5,5,5,5,5,5,3,5,3,4,5,5,4,3,4,4,4,4,3,3,4,33,1,1,3,3,8,7,1,1,6,6,1,6,3,1,5,2,2,29,25,4.333333333333333,3.5,1,0,0,0,1,0,0, ,1,2,0.9096
6,2,1,4,3,3,5,5,5,5,5,5,2,5,2,4,4,5,4,3,4,3,3,3,3,3,41,30,4,5,1,1,1,7,1,3,6,2,1,6,3,1,5,2,4,29,25,4,3,1,0,0,0,1,0,0, ,1,2,0.9096
6,2,1,6,1,3,5,5,5,5,5,5,1,5,2,5,5,5,5,3,3,3,3,3,3,3,31,10,4,5,1,1,1,4,46,3,4,6,1,6,3,1,5,2,2,29,25,4.333333333333333,2875,1,0,0,0,1,0,0, ,1,2,0.9096
2,2,1,21,3,1,5,5,4,5,5,5,5,5,5,5,5,5,5,5,5,5,5,5,5,5,3,2,3,3,3,3,9,3,48,2,4,5,1,4,4,1,4,2,1,18,30,5,5,2,0,1,0,1,0,0,2,1,2,0.9096
2,2,1,4,3,1,5,5,5,5,5,5,3,5,1,4,5,5,5,1,3,1,1,1,1,1,4,2,1,1,1,1,1,3,102,3,5,2,1,6,4,1,4,2,2,9,30,4.5,1.25,1,0,1,0,1,0,0,2,1,2,0.9096
2,2,1,4,3,1,5,5,5,5,5,5,2,5,1,5,5,5,5,2,2,2,2,2,2,2,4,30,1,1,1,1,1,7,1,3,6,6,1,6,4,1,4,2,2,9,30,4.5,1875,1,0,1,0,1,0,0,2,1,2,0.9096
2,2,1,21,3,1,5,5,5,5,5,5,3,5,2,5,5,5,5,2,3,1,1,2,2,2,3,29,1,1,3,3,10,3,74,2,3,2,1,5,1,1,4,2,1,18,30,4.666666666666667,1875,1,0,1,0,1,0,0,2,1,2,0.9096
2,2,1,4,2,1,5,5,5,5,5,5,4,5,2,4,5,5,4,1,1,1,1,1,1,1,12,34,1,1,2,2,1,7,1,2,5,6,1,3,3,1,1,2,1,23,30,4.5,1125,1,0,1,0,1,0,0,2,1,2,0.9096
4,2,1,20,3,1,5,5,5,5,5,5,3,5,3,5,5,5,5,3,5,3,3,3,3,3,7,22,3,3,1,1,1,3,17,3,4,6,1,5,3,1,4,2,2,9,30,4.666666666666667,3.25,1,0,0,0,1,0,0, ,1,2,0.9096
4,2,1,4,2,1,5,5,5,5,5,5,5,5,1,3,5,3,3,1,1,1,1,1,1,2,1,34,4,5,1,1,1,3,1,3,5,2,1,7,1,1,4,2,5,23,30,4,1125,1,0,0,0,1,0,0, ,1,2,0.9096
4,2,1,22,3,1,5,5,5,5,5,5,3,5,1,3,4,4,4,1,1,1,1,1,1,1,15,34,1,1,1,1,1,3,1,3,5,3,1,2,2,4,2,2,3,23,30,3.8333333333333335,1,1,0,0,0,1,0,0, ,1,2,0.9096
6,2,1,20,3,1,5,5,3,3,5,5,2,5,2,3,5,4,4,3,4,3,3,3,3,3,41,30,1,1,3,3,7,7,1,3,2,3,1,3,3,1,4,2,1,15,30,3.8333333333333335,3,1,0,0,0,1,0,0, ,1,2,0.9096
2,2,1,4,3,3,5,5,5,5,5,5,1,5,1,5,5,5,5,5,5,5,5,5,5,5,14,15,5,8,1,1,1,3,63,2,3,2,1,6,4,1,4,3,2,6,10,4.333333333333333,4.5,2,0,1,0,0,0,0,2,1,2,0.9096
2,2,1,4,3,3,5,5,5,5,5,5,2,5,2,5,5,5,4,3,3,3,3,3,3,3,47,22,3,1,2,2,1,3,1,3,5,5,1,7,3,1,1,3,1,21,25,4.333333333333333,2875,1,0,1,0,0,0,0,2,1,2,0.9096
2,2,1,5,3,3,5,5,5,5,5,5,3,5,3,5,5,5,5,3,4,3,3,3,3,3,36,3,1,1,2,2,1,4,1,3,2,4,5,4,1,1,3,3,3,21,25,4.666666666666667,3125,1,0,1,0,0,0,0,2,1,2,0.9096
3,2,1,9,1,3,5,5,5,5,5,5,1,5,2,5,5,5,5,2,3,3,4,4,2,4,22,10,4,5,2,2,1,3,1,3,5,2,1,3,3,1,5,3,5,29,25,4.333333333333333,3,1,0,0,1,0,0,0,3,1,2,0.9096
3,2,1,10,3,3,5,5,5,5,5,5,3,5,3,5,5,5,5,3,4,3,3,3,3,4,1,32,1,1,1,1,1,3,14,3,6,4,4,6,2,5,4,4,1,28,10,4.666666666666667,3.25,1,0,0,1,0,1,0,3,1,2,0.9096
2,2,1,4,3,1,5,5,5,5,5,5,2,5,2,4,5,5,5,2,3,2,2,2,2,3,3,32,1,1,3,3,7,7,74,2,6,6,1,3,3,1,4,4,4,5,15,4.333333333333333,2.25,1,0,1,0,0,1,0,2,1,2,0.9096
6,2,1,4,2,3,5,5,5,5,5,5,3,5,5,5,5,5,5,5,5,5,5,5,5,5,1,32,3,3,1,1,1,3,82,3,6,6,1,6,1,1,4,4,5,27,15,4.666666666666667,5,2,0,0,0,0,1,0, ,1,2,0.9096
3,2,1,16,3,1,5,5,5,4,5,5,3,5,3,5,5,5,5,3,4,3,3,3,3,3,13,2,1,1,3,3,8,7,1,2,4,2,1,5,3,1,4,4,2,21,25,4.666666666666667,3125,1,0,0,1,0,1,0,3,1,2,0.9096
3,2,1,9,1,3,5,5,5,5,5,5,1,5,2,5,5,5,5,3,4,3,3,4,2,4,22,10,4,5,1,1,1,3,1,2,5,4,6,3,2,5,4,4,2,29,25,4.333333333333333,3125,1,0,0,1,0,1,0,3,1,2,0.9096
4,2,1,4,3,3,5,5,5,5,5,5,1,5,1,5,5,4,4,3,3,4,4,4,2,4,14,34,4,5,3,3,10,7,1,2,5,4,4,3,1,1,2,4,2,7,25,4,3125,1,0,0,0,0,1,0, ,1,2,0.9096
4,2,1,19,3,3,5,5,5,5,5,5,1,5,2,4,5,5,4,3,4,3,3,3,2,4,14,8,4,5,1,1,1,7,1,2,2,4,6,6,4,1,2,4,4,7,25,4,3,1,0,0,0,0,1,0, ,1,2,0.9096
6,2,1,9,3,1,5,5,5,5,5,5,2,5,2,4,4,4,4,3,4,2,2,2,3,3,7,3,1,1,1,1,1,6,1,2,5,6,1,4,1,1,4,4,2,21,25,3.8333333333333335,2625,1,0,0,0,0,1,0, ,1,2,0.9096
6,2,1,19,3,3,5,5,5,5,5,5,2,5,3,5,5,5,5,5,5,3,3,3,3,3,34,24,1,1,3,3,7,7,1,3,6,5,1,3,1,1,5,4,4,29,25,4.5,3.5,1,0,0,0,0,1,0, ,1,2,0.9096
2,2,1,4,3,1,5,5,5,5,5,5,5,5,3,5,5,5,5,3,4,2,2,3,3,3,7,23,1,1,1,1,1,3,78,1,5,2,1,3,4,1,4,4,5,9,30,5,2875,1,0,1,0,0,1,0,2,1,2,0.9096
2,2,1,17,3,1,5,5,5,5,5,5,3,5,2,5,5,5,5,2,2,2,2,2,2,2,7,34,1,1,1,1,1,3,55,3,2,3,1,5,3,1,4,4,2,9,30,4.666666666666667,2,1,0,1,0,0,1,0,2,1,2,0.9096
3,2,1,21,2,1,5,5,5,5,5,5,2,5,1,5,5,5,5,2,2,1,1,1,2,2,17,29,1,3,3,3,10,3,75,1,5,2,1,2,4,1,4,4,4,18,30,4.5,1.5,1,0,0,1,0,1,0,3,1,2,0.9096
4,2,1,16,2,1,5,5,3,3,5,5,4,5,1,3,5,4,3,1,3,1,1,1,1,1,1,29,1,1,1,1,1,6,1,3,4,6,1,3,1,1,4,4,5,23,30,4,1.25,1,0,0,0,0,1,0, ,1,2,0.9096
5,3,5,22,2,1,5,5,5,5,5,5,3,5,1,4,5,5,5,1,2,1,1,1,1,1,1,29,4,5,1,1,1,3,1,2,5,2,1,6,3,1,2,4,5,23,30,4.5,1125,1,1,0,0,0,1,0,1,1,2,0.9096
6,2,1,4,3,3,5,5,5,5,5,5,2,5,2,4,5,5,5,1,4,1,3,3,2,3,7,35,4,5,3,3,8,7,114,2,4,2,1,4,4,1,4,4,1,15,30,4.333333333333333,2375,1,0,0,0,0,1,0, ,1,2,0.9096
6,2,1,4,2,1,5,5,5,5,5,5,3,5,1,4,5,4,3,1,2,1,1,1,1,1,14,35,4,5,1,1,1,7,1,2,5,2,1,2,3,1,2,4,2,23,30,4,1125,1,0,0,0,0,1,0, ,1,2,0.9096
2,2,1,4,3,1,5,5,5,5,5,5,2,5,2,4,5,5,5,1,3,3,3,3,3,3,1,32,1,1,3,3,7,7,67,2,5,5,1,7,1,1,4,4,1,32,35,4.333333333333333,2625,1,0,1,0,0,1,0,2,1,2,0.9096
3,2,1,4,3,1,5,5,5,5,5,5,3,5,2,5,5,2,5,2,3,2,2,2,3,3,4,29,1,1,3,3,7,7,48,2,5,4,3,5,3,1,4,4,3,32,35,4.166666666666667,2375,1,0,0,1,0,1,0,3,1,2,0.9096
2,2,1,6,3,1,5,5,5,5,5,5,5,5,1,5,5,5,5,1,4,1,4,4,1,4,26,29,1,1,2,2,1,3,1,2,6,6,1,2,2,4,2,1,4,17,50,5,2.5,1,0,1,0,0,0,1,2,2,2,1147
4,2,1,22,1,2,5,5,5,5,5,5,5,5,3,4,5,5,4,2,2,2,2,2,2,2,6,32,1,1,2,2,1,7,1,3,2,5,1,2,4,1,2,1,4,2,50,4.666666666666667,2125,1,0,0,0,0,0,1, ,2,2,1147
4,3,5,22,1,1,5,5,5,5,5,5,5,5,1,4,4,4,4,1,1,1,1,1,1,1,4,34,1,1,3,3,3,7,1,2,2,4,6,3,2,5,4,1,5,2,50,4.333333333333333,1,1,0,0,0,0,0,1, ,2,2,1147
4,2,1,4,3,1,5,5,5,5,5,5,3,5,1,5,5,5,5,1,3,3,3,3,1,3,44,32,1,1,3,3,8,2,65,1,4,2,1,2,4,1,1,1,4,16,50,4.666666666666667,2.25,1,0,0,0,0,0,1, ,2,2,1147
4,2,1,5,3,1,5,5,5,5,5,5,5,5,2,5,5,5,5,1,3,2,3,3,2,4,51,32,1,1,3,3,11,3,48,3,5,6,1,2,3,1,2,1,4,16,50,5,2.5,1,0,0,0,0,0,1, ,2,2,1147
4,2,1,16,3,1,5,5,5,5,5,5,2,5,2,5,5,5,5,1,1,1,3,3,2,3,1,29,1,1,1,1,1,3,109,1,5,2,1,4,4,1,2,1,3,31,50,4.5,2,1,0,0,0,0,0,1, ,2,2,1147
5,3,2,22,3,1,5,5,5,5,5,5,5,5,1,5,5,5,5,1,3,1,1,1,1,1,15,29,1,1,1,1,1,7,1,2,2,4,6,2,2,5,2,1,4,2,50,5,1.25,1,1,0,0,0,0,1,1,2,2,1147
5,3,2,22,3,1,5,5,5,5,5,5,5,5,1,5,5,5,5,1,4,3,3,3,1,3,3,32,1,1,3,3,4,3,1,3,4,6,1,5,3,1,4,1,4,17,50,5,2375,1,1,0,0,0,0,1,1,2,2,1147
5,3,3,22,3,1,5,5,5,5,5,5,5,5,1,5,5,5,5,1,4,2,3,3,1,3,3,32,1,1,1,1,1,3,1,3,6,4,2,5,2,5,2,1,4,17,50,5,2.25,1,1,0,0,0,0,1,1,2,2,1147
5,3,4,18,3,1,5,5,5,5,5,5,5,5,1,5,5,5,5,1,5,1,3,3,1,3,3,32,4,1,1,2,1,3,1,3,5,5,1,2,3,1,2,1,4,17,50,5,2.25,1,1,0,0,0,0,1,1,2,2,1147
5,3,4,22,3,1,5,5,5,5,5,5,5,5,1,5,5,5,5,1,5,1,4,4,1,4,3,32,1,1,1,1,1,3,1,3,6,6,1,2,2,5,2,1,4,17,50,5,2625,1,1,0,0,0,0,1,1,2,2,1147
5,3,5,22,3,1,5,5,5,5,5,5,1,5,1,5,5,5,5,1,4,1,4,4,1,4,3,20,1,1,2,2,1,3,1,3,6,5,1,2,4,1,2,1,4,17,50,4.333333333333333,2.5,1,1,0,0,0,0,1,1,2,2,1147
1,2,1,2,2,2,5,5,5,1,5,5,5,5,1,5,5,5,5,1,5,1,1,1,1,1,38,32,1,1,3,3,8,3,13,3,2,3,1,6,2,4,2,1,4,3,55,5,1.5,1,0,0,0,0,0,1, ,2,2,1147
1,3,3,22,3,2,5,5,5,5,5,5,5,5,1,4,5,5,5,1,3,1,2,2,1,2,3,32,1,1,1,1,1,3,1,3,2,5,1,4,4,1,2,1,4,22,55,4.833333333333333,1625,1,0,0,0,0,0,1, ,2,2,1147
2,3,5,1,3,2,5,5,5,5,5,5,2,5,3,5,5,5,5,2,3,1,3,3,3,3,1,29,1,1,3,3,7,3,64,1,2,2,1,4,1,1,4,1,4,25,55,4.5,2625,1,0,1,0,0,0,1,2,2,2,1147
3,3,5,1,3,2,5,5,5,5,5,5,2,5,2,5,5,5,5,2,2,1,1,3,2,2,1,32,1,1,3,3,8,3,74,3,4,5,1,4,1,1,4,1,4,25,55,4.5,1875,1,0,0,1,0,0,1,3,2,2,1147
6,2,1,1,3,2,5,5,5,5,5,5,1,5,1,1,5,5,5,1,1,1,1,1,1,3,37,32,1,1,3,3,11,6,1,1,6,6,1,4,4,1,2,1,1,22,55,3.6666666666666665,1.25,1,0,0,0,0,0,1, ,2,2,1147
6,2,1,1,3,2,5,5,5,5,5,5,5,5,1,5,5,5,5,1,3,1,1,1,1,1,37,29,1,1,1,1,1,3,1,2,6,4,4,4,2,4,2,1,4,22,55,5,1.25,1,0,0,0,0,0,1, ,2,2,1147
6,2,1,1,3,2,5,5,5,5,5,5,3,5,2,4,5,5,5,1,3,1,1,1,1,2,36,32,1,1,3,3,4,3,1,2,4,2,1,4,4,1,2,1,5,22,55,4.5,1.5,1,0,0,0,0,0,1, ,2,2,1147
1,3,3,2,3,2,5,5,5,5,5,5,5,5,1,5,5,5,5,2,2,2,2,3,3,3,1,29,1,1,3,3,7,7,58,3,6,4,5,2,1,1,2,2,4,26,50,5,2.25,1,0,0,0,1,0,0, ,2,2,1147
2,2,1,4,3,1,5,5,5,5,5,5,3,5,3,3,5,5,5,2,3,3,3,3,3,3,3,32,1,1,3,3,7,7,48,3,6,4,4,5,1,1,4,2,4,19,50,4.333333333333333,2875,1,0,1,0,1,0,0,2,2,2,1147
5,3,4,17,3,1,5,5,5,5,5,5,3,5,3,5,5,5,5,3,5,1,1,1,5,1,40,3,3,1,3,3,7,3,81,1,3,2,1,4,4,1,4,2,2,8,50,4.666666666666667,2.5,1,1,0,0,1,0,0,1,2,2,1147
5,3,3,22,3,1,5,5,5,5,5,5,3,5,5,5,5,5,5,3,4,1,3,3,3,3,51,32,1,1,1,1,1,3,22,2,4,6,1,2,1,1,4,2,2,16,50,4.666666666666667,3125,1,1,0,0,1,0,0,1,2,2,1147
5,3,2,17,3,1,5,5,5,5,5,5,5,5,1,5,5,5,5,1,4,1,3,3,1,3,3,32,1,1,1,1,1,3,1,3,2,4,6,2,1,1,2,2,4,17,50,5,2125,1,1,0,0,1,0,0,1,2,2,1147
6,2,1,16,3,2,5,5,5,5,5,5,5,5,1,5,5,4,4,1,1,1,1,1,1,1,1,29,4,5,2,2,1,6,1,1,5,6,1,6,1,1,4,2,2,2,50,4.666666666666667,1,1,0,0,0,1,0,0, ,2,2,1147
6,2,1,4,3,1,5,5,5,5,5,5,3,5,2,5,5,5,5,2,4,3,3,3,3,3,3,2,1,1,3,3,8,7,96,3,5,4,5,3,1,1,4,2,1,19,50,4.666666666666667,2875,1,0,0,0,1,0,0, ,2,2,1147
6,2,1,2,3,2,5,5,5,5,5,5,5,5,1,5,5,5,5,1,1,1,1,2,2,2,3,4,1,1,3,3,8,7,97,3,2,2,1,2,2,4,4,2,1,26,50,5,1375,1,0,0,0,1,0,0, ,2,2,1147
3,2,1,21,3,2,5,5,5,5,5,5,3,5,2,5,5,5,5,1,1,1,1,1,1,1,7,30,1,1,3,3,3,6,64,1,4,2,1,4,4,1,4,2,1,20,55,4.666666666666667,1125,1,0,0,1,1,0,0,3,2,2,1147
6,2,1,1,3,2,5,5,5,5,5,5,1,5,2,5,5,5,5,1,3,1,3,3,1,3,37,32,1,1,3,3,11,3,1,3,6,4,5,4,2,5,1,2,4,22,55,4.333333333333333,2125,1,0,0,0,1,0,0, ,2,2,1147
4,2,1,17,3,1,5,5,5,5,5,5,3,5,2,5,5,5,5,3,3,1,3,4,2,2,14,2,1,1,1,1,1,3,69,2,5,2,1,2,4,1,4,3,4,31,50,4.666666666666667,2.5,1,0,0,0,0,0,0, ,2,2,1147
2,2,1,16,3,1,5,5,5,5,5,5,3,5,3,5,5,5,5,2,3,1,1,1,1,1,3,2,1,1,1,1,1,3,36,1,6,2,1,5,4,1,2,4,2,12,45,4.666666666666667,1625,1,0,1,0,0,1,0,2,2,2,1147
3,2,1,9,3,1,5,5,5,5,5,5,3,5,3,5,5,5,5,2,4,1,1,1,2,2,3,32,1,1,2,1,1,6,34,2,5,5,1,5,4,1,4,4,2,12,45,4.666666666666667,2,1,0,0,1,0,1,0,3,2,2,1147
2,2,1,4,3,1,5,5,5,5,5,5,5,5,1,5,5,5,5,1,4,1,3,3,1,4,3,32,1,1,1,1,1,3,1,3,6,5,1,2,2,5,2,4,4,17,50,5,2.25,1,0,1,0,0,1,0,2,2,2,1147
2,2,1,4,3,1,5,5,5,5,5,5,5,5,1,5,5,5,5,1,4,1,5,5,1,5,3,32,5,1,1,1,1,3,1,3,2,5,1,3,1,1,2,4,4,17,50,5,2875,1,0,1,0,0,1,0,2,2,2,1147
3,2,1,9,3,1,5,5,5,5,5,5,5,5,5,5,5,5,5,1,3,2,3,3,1,3,2,32,1,1,2,2,1,3,1,3,6,6,1,2,4,1,2,4,2,17,50,5,2625,1,0,0,1,0,1,0,3,2,2,1147
3,3,3,23,3,2,5,5,5,5,5,5,5,5,1,5,5,5,5,1,3,1,1,1,3,3,40,29,1,1,3,3,8,7,73,3,5,3,1,5,2,2,4,4,1,26,50,5,1.75,1,0,0,1,0,1,0,3,2,2,1147
4,2,1,4,3,1,5,5,5,5,5,5,5,5,1,3,5,4,5,1,3,1,1,1,1,1,13,34,4,5,3,3,8,7,1,2,5,6,1,3,1,1,2,4,4,2,50,4.5,1.25,1,0,0,0,0,1,0, ,2,2,1147
4,2,1,5,3,2,5,5,5,5,5,5,5,5,1,4,5,4,4,1,3,1,1,1,1,1,8,35,4,5,3,3,2,7,1,3,6,5,1,5,3,1,2,4,1,2,50,4.5,1.25,1,0,0,0,0,1,0, ,2,2,1147
4,2,1,22,3,1,5,5,5,5,5,5,5,5,1,4,4,4,4,1,2,1,1,1,1,1,4,34,4,5,3,3,3,7,1,3,6,3,1,2,2,4,2,4,4,2,50,4.333333333333333,1125,1,0,0,0,0,1,0, ,2,2,1147
4,2,1,2,3,2,5,5,5,5,5,5,5,5,1,5,5,5,5,1,3,1,1,1,1,1,1,28,1,1,3,3,10,7,113,3,6,5,1,2,1,1,4,4,2,26,50,5,1.25,1,0,0,0,0,1,0, ,2,2,1147
4,2,1,4,3,1,5,5,5,5,5,5,3,5,2,5,5,5,5,1,1,1,1,1,1,1,1,32,1,1,1,1,1,2,117,1,3,6,1,2,4,1,5,4,2,31,50,4.666666666666667,1125,1,0,0,0,0,1,0, ,2,2,1147
5,3,2,22,3,1,5,5,5,5,5,5,3,5,2,5,5,5,5,2,4,3,3,3,1,3,51,29,1,1,3,3,9,3,43,2,5,6,1,4,4,1,1,4,1,16,50,4.666666666666667,2625,1,1,0,0,0,1,0,1,2,2,1147
5,3,2,20,3,1,5,5,5,5,5,5,3,5,3,5,5,5,5,2,4,2,2,2,1,3,50,2,1,1,3,3,8,3,96,2,6,5,1,3,4,1,1,4,4,16,50,4.666666666666667,2375,1,1,0,0,0,1,0,1,2,2,1147
5,3,2,22,3,1,5,5,5,5,5,5,2,5,2,5,5,5,5,1,4,3,3,3,1,3,51,32,1,1,2,2,1,3,64,2,5,2,1,4,3,1,5,4,5,16,50,4.5,2.5,1,1,0,0,0,1,0,1,2,2,1147
5,3,3,17,3,1,5,5,5,5,5,5,2,5,2,5,5,5,5,2,3,3,3,3,1,3,40,32,1,1,3,3,10,3,48,1,4,2,1,2,4,1,1,4,4,16,50,4.5,2.5,1,1,0,0,0,1,0,1,2,2,1147
5,3,3,22,3,1,5,5,5,5,5,5,5,5,5,5,5,5,5,1,4,1,3,3,1,3,6,32,1,1,1,1,1,3,1,3,6,4,4,4,4,1,4,4,4,17,50,5,2625,1,1,0,0,0,1,0,1,2,2,1147
5,3,4,22,3,1,5,5,5,5,5,5,2,5,2,5,3,5,5,2,3,3,3,3,3,3,3,2,1,1,3,3,8,7,48,2,5,6,1,5,4,1,4,4,4,19,50,4.166666666666667,2.75,1,1,0,0,0,1,0,1,2,2,1147
5,3,5,22,3,1,5,5,5,5,5,5,3,5,2,5,5,5,5,2,2,3,3,3,3,3,1,32,1,1,3,3,7,7,48,2,5,5,1,6,1,1,4,4,1,19,50,4.666666666666667,2625,1,1,0,0,0,1,0,1,2,2,1147
6,2,1,4,3,1,5,5,5,5,5,5,5,5,2,4,5,5,4,1,4,1,1,1,2,2,4,34,4,5,1,1,1,7,84,1,3,1,1,2,4,1,1,4,2,2,50,4.666666666666667,1.75,1,0,0,0,0,1,0, ,2,2,1147
1,2,1,1,3,2,5,5,5,5,5,5,3,5,3,3,4,5,4,1,4,1,3,3,2,2,38,32,1,1,3,3,8,6,1,2,2,6,1,4,1,1,4,4,1,22,55,4,2375,1,0,0,0,0,1,0, ,2,2,1147
3,2,1,20,3,2,5,5,5,5,5,5,3,5,3,5,5,5,5,1,1,1,1,1,1,1,1,29,1,1,3,3,7,3,48,2,6,6,1,4,4,1,4,4,4,20,55,4.666666666666667,1.25,1,0,0,1,0,1,0,3,2,2,1147
3,2,1,2,3,2,5,5,5,5,5,5,2,5,2,5,5,5,5,1,1,1,1,1,1,1,40,2,1,1,3,3,7,3,64,3,5,6,1,4,3,1,4,4,5,20,55,4.5,1125,1,0,0,1,0,1,0,3,2,2,1147
4,3,5,1,3,2,5,5,5,5,5,5,2,5,1,5,5,5,5,1,4,1,3,3,3,3,1,32,1,1,3,3,7,3,48,3,4,6,1,4,3,1,2,4,3,25,55,4.5,2375,1,0,0,0,0,1,0, ,2,2,1147
6,2,1,1,3,2,5,5,5,5,5,5,2,5,1,5,5,5,5,1,5,1,3,3,1,3,3,32,1,1,3,3,11,3,1,2,2,6,1,4,3,1,3,4,1,22,55,4.5,2.25,1,0,0,0,0,1,0, ,2,2,1147
6,3,5,3,3,2,5,4,4,5,5,5,3,5,4,5,4,5,5,4,4,3,3,1,4,5,33,28,2,1,1,3,14,5,37,1,6,6,1,2,4,1,2,4,4,22,55,4.5,3.5,1,0,0,0,0,1,0, ,2,2,1147
